City_ID,City,Country,Date,Lat,Lng,Max Temp,Humidity,Cloudiness,Wind Speed
0,Bonavista,CA,2022-04-15 11:02:10,48.6499,-53.1147,31.1,73,99,10.36
1,Ushuaia,AR,2022-04-15 10:57:41,-54.8,-68.3,40.66,81,40,0.0
2,Sitka,US,2022-04-15 11:02:11,57.0531,-135.33,33.3,71,2,1.28
3,Klaksvik,FO,2022-04-15 11:02:11,62.2266,-6.589,49.12,99,100,13.76
4,Atuona,PF,2022-04-15 11:02:11,-9.8,-139.0333,78.39,80,24,14.07
5,Cape Town,ZA,2022-04-15 11:02:12,-33.9258,18.4232,71.11,50,18,14.0
6,Laguna,US,2022-04-15 11:02:12,38.421,-121.4238,54.75,90,100,8.05
7,Taoudenni,ML,2022-04-15 11:02:13,22.6783,-3.9836,88.5,10,0,14.23
8,Gaoual,GN,2022-04-15 11:02:13,11.75,-13.2,96.04,24,31,3.31
9,Bowen,AU,2022-04-15 11:02:13,-20.0167,148.2333,76.15,62,13,19.6
10,Rikitea,PF,2022-04-15 11:02:14,-23.1203,-134.9692,77.61,70,4,15.21
11,Kaitangata,NZ,2022-04-15 11:02:14,-46.2817,169.8464,50.97,72,27,5.57
12,Tocache,PE,2022-04-15 11:02:15,-8.1842,-76.5125,68.61,99,94,0.72
13,Kambove,CD,2022-04-15 11:02:15,-10.8764,26.5969,76.42,66,77,6.24
14,Kijang,KR,2022-04-15 11:02:15,35.2442,129.2139,52.14,57,63,16.55
15,Ballina,AU,2022-04-15 11:02:16,-28.8667,153.5667,64.02,99,60,11.74
16,Puerto Ayora,EC,2022-04-15 11:02:16,-0.7393,-90.3518,74.98,91,67,7.78
17,Avarua,CK,2022-04-15 11:02:17,-21.2078,-159.775,75.25,94,63,2.3
18,Hilo,US,2022-04-15 11:02:02,19.7297,-155.09,71.26,98,89,1.01
19,Chokurdakh,RU,2022-04-15 11:02:17,70.6333,147.9167,10.26,96,100,5.97
20,Upernavik,GL,2022-04-15 11:02:18,72.7868,-56.1549,-14.85,97,32,9.1
21,Hithadhoo,MV,2022-04-15 11:02:18,-0.6,73.0833,83.98,65,22,3.85
22,Punta Arenas,CL,2022-04-15 11:02:18,-53.15,-70.9167,49.75,90,97,5.55
23,Cascais,PT,2022-04-15 11:02:02,38.6979,-9.4215,75.51,67,0,23.0
24,Korla,CN,2022-04-15 11:02:19,41.7597,86.1469,68.45,9,9,14.05
25,Yar-Sale,RU,2022-04-15 11:02:19,66.8333,70.8333,29.37,78,15,22.41
26,Port Elizabeth,ZA,2022-04-15 10:59:23,-33.918,25.5701,66.31,71,75,14.97
27,Kinghorn,GB,2022-04-15 11:02:20,56.069,-3.1761,58.12,80,100,9.22
28,Bozhou,CN,2022-04-15 11:02:20,33.8772,115.7703,57.6,40,100,8.68
29,Yellowknife,CA,2022-04-15 10:57:36,62.456,-114.3525,5.56,84,75,4.61
30,Vaini,TO,2022-04-15 11:02:21,-21.2,-175.2,80.46,76,27,17.47
31,Aswan,EG,2022-04-15 11:02:21,24.0934,32.907,95.74,5,0,8.95
32,Chuy,UY,2022-04-15 11:02:22,-33.6971,-53.4616,61.2,75,91,6.55
33,Broken Hill,AU,2022-04-15 11:02:22,-31.95,141.4333,69.19,38,37,10.47
34,Dikson,RU,2022-04-15 11:02:22,73.5069,80.5464,26.06,95,100,18.48
35,Kavaratti,IN,2022-04-15 11:02:23,10.5669,72.642,83.73,69,64,2.28
36,Iquique,CL,2022-04-15 11:02:23,-20.2208,-70.1431,61.07,75,3,5.19
37,Hermanus,ZA,2022-04-15 11:02:24,-34.4187,19.2345,64.8,54,81,19.89
38,Codrington,AU,2022-04-15 11:02:24,-38.2667,141.9667,60.13,96,99,4.21
39,Syracuse,IT,2022-04-15 11:02:25,37.0881,15.2792,63.77,75,100,19.91
40,Tuktoyaktuk,CA,2022-04-15 11:02:25,69.4541,-133.0374,-15.02,100,99,3.02
41,Los Llanos De Aridane,ES,2022-04-15 11:02:25,28.6585,-17.9182,64.15,82,20,16.11
42,Fangshan,CN,2022-04-15 11:02:26,39.6983,115.9925,62.35,10,1,6.64
43,Nikolskoye,RU,2022-04-15 11:02:26,59.7035,30.7861,40.8,96,100,5.55
44,Sukhumi,GE,2022-04-15 11:02:27,43.0033,41.0153,52.61,62,65,5.93
45,Sibolga,ID,2022-04-15 11:03:27,1.7427,98.7792,82.38,75,74,2.75
46,Zavallya,UA,2022-04-15 11:03:28,48.2135,30.0156,65.35,35,82,7.65
47,Hobart,AU,2022-04-15 11:03:28,-42.8794,147.3294,57.06,77,75,10.36
48,Gimli,CA,2022-04-15 11:03:28,50.6336,-96.9907,13.89,93,100,17.72
49,Cabra,ES,2022-04-15 11:03:28,37.4725,-4.4421,69.87,40,0,8.19
50,Dabat,ET,2022-04-15 11:03:29,12.9842,37.765,75.4,23,56,6.82
51,Provideniya,RU,2022-04-15 11:03:29,64.3833,-173.3,32.41,96,100,17.11
52,Norman Wells,CA,2022-04-15 11:03:30,65.282,-126.8329,0.34,98,100,3.65
53,Torbay,CA,2022-04-15 11:03:30,47.6666,-52.7314,33.58,78,91,5.01
54,Katsuura,JP,2022-04-15 11:00:53,35.1333,140.3,53.19,91,100,26.46
55,Atambua,ID,2022-04-15 11:03:30,-9.1061,124.8925,75.96,87,98,3.56
56,Sola,VU,2022-04-15 11:01:21,-13.8833,167.55,82.36,69,96,4.99
57,Tukrah,LY,2022-04-15 11:03:31,32.5341,20.5791,70.18,41,100,26.15
58,Mataura,NZ,2022-04-15 11:03:31,-46.1927,168.8643,58.48,65,56,8.72
59,Providencia,MX,2022-04-15 11:03:32,28.7167,-111.5833,62.67,41,87,3.22
60,Jamestown,US,2022-04-15 10:59:45,42.097,-79.2353,43.72,44,38,7.0
61,Srednekolymsk,RU,2022-04-15 11:03:32,67.45,153.6833,14.74,96,100,5.21
62,Mocuba,MZ,2022-04-15 11:03:33,-16.8392,36.9856,88.29,59,10,4.76
63,Busselton,AU,2022-04-15 11:03:33,-33.65,115.3333,63.14,81,0,9.22
64,New Norfolk,AU,2022-04-15 11:03:34,-42.7826,147.0587,56.7,69,65,1.01
65,Albany,US,2022-04-15 11:03:34,42.6001,-73.9662,43.3,91,31,4.23
66,Port Macquarie,AU,2022-04-15 11:03:34,-31.4333,152.9167,62.89,73,6,2.93
67,Shubarkuduk,KZ,2022-04-15 11:03:35,49.1447,56.4872,60.17,34,1,9.31
68,Saint-Philippe,RE,2022-04-15 11:03:35,-21.3585,55.7679,83.21,82,39,15.5
69,Khatanga,RU,2022-04-15 11:03:35,71.9667,102.5,11.35,84,96,12.26
70,Lingyuan,CN,2022-04-15 11:03:36,41.24,119.4011,52.48,14,0,4.61
71,Kapaa,US,2022-04-15 11:03:36,22.0752,-159.319,73.11,81,20,14.97
72,Hobyo,SO,2022-04-15 11:03:37,5.3505,48.5268,87.08,57,85,11.61
73,Arraial Do Cabo,BR,2022-04-15 11:03:37,-22.9661,-42.0278,75.06,57,40,16.11
74,Puerto Escondido,MX,2022-04-15 11:03:37,15.85,-97.0667,78.6,77,69,2.62
75,Quatre Cocos,MU,2022-04-15 11:03:38,-20.2078,57.7625,82.51,67,18,17.0
76,Touros,BR,2022-04-15 11:03:38,-5.1989,-35.4608,82.9,73,76,4.92
77,Tiradentes,BR,2022-04-15 11:03:39,-21.1103,-44.1781,61.83,93,98,7.18
78,Vao,NC,2022-04-15 11:03:39,-22.6667,167.4833,73.11,92,100,8.14
79,Urumqi,CN,2022-04-15 11:00:09,43.801,87.6005,50.95,10,0,13.42
80,Kahului,US,2022-04-15 11:03:40,20.8947,-156.47,73.85,73,0,14.97
81,Ashland,US,2022-04-15 11:03:40,40.8167,-82.2665,46.96,54,14,15.17
82,Geraldton,AU,2022-04-15 11:03:40,-28.7667,114.6,72.01,83,0,10.36
83,Lehi,US,2022-04-15 11:00:06,40.3916,-111.8508,43.83,76,97,8.99
84,Svetlaya,RU,2022-04-15 11:03:41,46.5389,138.3297,33.78,83,11,5.14
85,Mar Del Plata,AR,2022-04-15 11:02:36,-38.0023,-57.5575,52.88,86,0,3.0
86,Mahebourg,MU,2022-04-15 11:03:41,-20.4081,57.7,82.69,69,40,12.66
87,Jumla,NP,2022-04-15 11:03:42,29.2747,82.1838,64.9,25,76,7.34
88,Cochabamba,BO,2022-04-15 11:03:42,-17.3895,-66.1568,52.81,87,40,0.0
89,Channel-Port Aux Basques,CA,2022-04-15 11:04:43,47.5702,-59.1367,36.37,80,47,9.78
90,Takoradi,GH,2022-04-15 11:04:43,4.8845,-1.7554,82.87,74,100,4.9
91,Namibe,AO,2022-04-15 11:04:44,-15.1961,12.1522,79.0,65,96,11.27
92,Hasaki,JP,2022-04-15 11:04:44,35.7333,140.8333,50.4,89,100,30.47
93,Lorengau,PG,2022-04-15 11:04:45,-2.0226,147.2712,81.84,79,69,6.55
94,Arinos,BR,2022-04-15 11:04:45,-15.9169,-46.1056,77.52,65,76,2.93
95,Sao Filipe,CV,2022-04-15 11:04:45,14.8961,-24.4956,72.01,74,4,7.58
96,Turukhansk,RU,2022-04-15 11:04:46,65.8167,87.9833,34.23,100,100,12.66
97,Pisco,PE,2022-04-15 11:04:46,-13.7,-76.2167,60.03,88,10,2.3
98,Mbumi,TZ,2022-04-15 11:04:46,-7.9058,39.2105,81.19,90,100,5.79
99,Amritsar,IN,2022-04-15 11:04:46,31.6331,74.8656,98.42,15,15,11.5
100,Faya,SA,2022-04-15 11:04:47,18.3851,42.4509,79.32,24,29,13.96
101,Vostok,RU,2022-04-15 11:04:47,46.4856,135.8833,25.65,78,11,4.61
102,Lata,PT,2022-04-15 11:04:47,40.1629,-8.3327,74.48,50,3,2.01
103,Coquimbo,CL,2022-04-15 11:02:12,-29.9533,-71.3436,57.27,82,73,3.42
104,Zyryanka,RU,2022-04-15 11:04:48,65.75,150.85,10.4,94,100,8.23
105,Qaanaaq,GL,2022-04-15 11:04:49,77.484,-69.3632,-3.73,89,100,1.97
106,Tuatapere,NZ,2022-04-15 11:04:49,-46.1333,167.6833,56.55,74,96,9.51
107,Vaitape,PF,2022-04-15 11:04:49,-16.5167,-151.75,81.32,73,9,17.2
108,Port Alfred,ZA,2022-04-15 11:01:27,-33.5906,26.891,62.19,92,100,5.01
109,Olden,NO,2022-04-15 11:04:50,61.8364,6.8064,48.94,100,77,5.12
110,La Mira,MX,2022-04-15 11:04:50,18.035,-102.3266,69.1,85,87,4.41
111,Griffith,US,2022-04-15 11:04:50,41.5284,-87.4237,43.38,43,100,11.5
112,Lushoto,TZ,2022-04-15 11:04:51,-4.7833,38.2833,70.88,73,97,4.83
113,Starozhilovo,RU,2022-04-15 11:04:51,54.2254,39.916,51.04,47,79,8.97
114,Gamba,GA,2022-04-15 11:04:51,-2.65,10.0,84.56,69,100,3.69
115,Kenai,US,2022-04-15 11:04:51,60.5544,-151.2583,35.1,90,75,4.61
116,Butaritari,KI,2022-04-15 11:04:52,3.0707,172.7902,81.54,71,100,4.36
117,Cherskiy,RU,2022-04-15 11:04:52,68.75,161.3,8.24,99,76,5.68
118,Iralaya,HN,2022-04-15 11:04:53,15.0,-83.2333,77.88,79,81,8.72
119,Carnarvon,AU,2022-04-15 11:04:53,-24.8667,113.6333,78.87,73,80,9.22
120,Tual,ID,2022-04-15 11:04:53,-5.6667,132.75,84.56,70,89,3.69
121,Chapais,CA,2022-04-15 11:04:54,49.7834,-74.8492,28.47,88,19,6.93
122,Jalu,LY,2022-04-15 11:04:54,29.0331,21.5482,90.09,10,100,25.41
123,Bluff,NZ,2022-04-15 11:04:55,-46.6,168.3333,58.8,75,98,17.56
124,Rodrigues Alves,BR,2022-04-15 11:04:55,-7.738,-72.6509,70.43,100,99,2.13
125,Ono,JP,2022-04-15 11:04:55,34.85,134.9333,56.8,81,100,8.77
126,Urusha,RU,2022-04-15 11:04:56,54.05,122.9,29.79,56,96,6.08
127,Severo-Kurilsk,RU,2022-04-15 11:04:56,50.6789,156.125,25.47,85,21,6.82
128,Ostrovnoy,RU,2022-04-15 11:04:57,68.0531,39.5131,30.27,86,66,10.49
129,Fortuna,US,2022-04-15 11:04:57,40.5982,-124.1573,35.65,95,0,6.91
130,Maua,BR,2022-04-15 11:03:42,-23.6678,-46.4614,60.6,82,80,8.21
131,Japura,ID,2022-04-15 11:04:57,-0.3167,102.35,80.24,86,99,2.64
132,Farrukhabad,IN,2022-04-15 11:04:58,27.4,79.5667,106.88,6,52,11.05
133,Forest,US,2022-04-15 11:02:58,37.3638,-79.2897,46.24,60,0,0.0
134,Mangrol,IN,2022-04-15 11:04:58,21.1167,70.1167,87.12,56,0,13.82
135,Castro,BR,2022-04-15 11:05:59,-24.7911,-50.0119,52.81,81,62,3.76
136,Nanortalik,GL,2022-04-15 11:05:59,60.1432,-45.2371,25.29,73,100,17.0
137,Yenangyaung,MM,2022-04-15 11:06:00,20.4667,94.8833,99.57,29,33,14.63
138,Lavrentiya,RU,2022-04-15 11:06:00,65.5833,-171.0,27.75,94,95,13.85
139,Waren,DE,2022-04-15 11:06:01,53.5167,12.6833,45.77,89,100,12.8
140,Shache,CN,2022-04-15 11:06:01,38.4167,77.2406,76.84,14,0,10.49
141,Terenos,BR,2022-04-15 11:06:01,-20.4422,-54.8603,62.31,82,0,9.22
142,Anjar,IN,2022-04-15 11:02:07,23.1333,70.0167,102.96,16,1,21.3
143,Bathurst,AU,2022-04-15 11:01:02,-33.4166,149.5806,58.82,74,100,3.49
144,Victoria,HK,2022-04-15 11:06:02,22.2855,114.1577,76.17,71,6,18.01
145,Barrow,US,2022-04-15 11:06:02,71.2906,-156.7887,-3.98,77,0,18.41
146,Talnakh,RU,2022-04-15 11:06:03,69.4865,88.3972,34.21,96,100,21.32
147,Ho Chi Minh City,VN,2022-04-15 11:06:03,10.75,106.6667,86.02,84,40,4.61
148,Cabo San Lucas,MX,2022-04-15 11:01:06,22.8909,-109.9124,68.5,60,99,8.63
149,Luena,AO,2022-04-15 11:04:17,-11.7833,19.9167,75.2,70,100,4.85
150,Jacareacanga,BR,2022-04-15 11:06:04,-6.2222,-57.7528,73.53,99,100,0.07
151,Aykhal,RU,2022-04-15 11:06:04,66.0,111.5,6.66,94,96,5.55
152,Fayaoue,NC,2022-04-15 11:06:04,-20.65,166.5333,76.46,85,97,3.78
153,Gualeguay,AR,2022-04-15 11:06:05,-33.1416,-59.3097,46.22,84,0,5.82
154,Alofi,NU,2022-04-15 11:06:05,-19.0595,-169.9187,81.37,74,11,10.92
155,Cap Malheureux,MU,2022-04-15 11:06:06,-19.9842,57.6142,82.47,73,5,5.99
156,Warrnambool,AU,2022-04-15 11:06:06,-38.3833,142.4833,62.82,94,94,4.74
157,Port Blair,IN,2022-04-15 11:06:06,11.6667,92.75,87.1,60,2,8.08
158,Alamor,EC,2022-04-15 11:06:07,-4.0181,-80.0197,58.82,94,88,2.04
159,Cap-Aux-Meules,CA,2022-04-15 11:06:07,47.3821,-61.8597,34.59,87,84,13.76
160,Celestun,MX,2022-04-15 11:06:08,20.8667,-90.4,75.83,85,44,13.62
161,Airai,TL,2022-04-15 11:06:08,-8.9266,125.4092,63.03,95,99,2.08
162,Seoul,KR,2022-04-15 11:04:47,37.5683,126.9778,54.84,34,58,6.69
163,Lebu,CL,2022-04-15 11:06:09,-37.6167,-73.65,52.14,87,93,7.67
164,College,US,2022-04-15 11:06:09,64.8569,-147.8028,26.55,54,20,11.5
165,Henties Bay,NA,2022-04-15 11:06:09,-22.116,14.2845,63.63,77,14,12.01
166,Nome,US,2022-04-15 11:06:10,64.5011,-165.4064,39.27,61,75,27.63
167,Ancud,CL,2022-04-15 11:02:40,-41.8697,-73.8203,48.22,92,57,1.54
168,Toora-Khem,RU,2022-04-15 11:06:10,52.4675,96.11,45.39,54,10,1.23
169,Una,IN,2022-04-15 11:06:11,20.8167,71.0333,94.8,37,0,19.64
170,Ribeira Grande,PT,2022-04-15 11:06:11,38.5167,-28.7,63.0,77,40,16.11
171,Ahipara,NZ,2022-04-15 11:06:12,-35.1667,173.1667,56.71,85,40,4.92
172,Loksa,EE,2022-04-15 11:06:12,59.5764,25.7214,35.58,78,100,10.78
173,Taltal,CL,2022-04-15 11:01:46,-25.4,-70.4833,58.08,83,20,4.09
174,Kivsharivka,UA,2022-04-15 11:06:12,49.6213,37.7036,60.03,44,24,8.68
175,Lakes Entrance,AU,2022-04-15 11:06:13,-37.8811,147.981,62.98,73,100,1.9
176,Meulaboh,ID,2022-04-15 11:06:13,4.1363,96.1285,82.67,78,61,4.05
177,Dingle,PH,2022-04-15 11:06:14,10.9995,122.6711,78.89,85,100,1.59
178,Marawi,PH,2022-04-15 11:06:14,7.9986,124.2928,70.29,92,79,1.63
179,Iqaluit,CA,2022-04-15 11:06:14,63.7506,-68.5145,-7.31,76,4,11.99
180,Narsaq,GL,2022-04-15 11:06:15,60.9167,-46.05,28.62,82,99,5.79
181,Abu Samrah,SY,2022-04-15 11:07:15,35.3029,37.1841,70.86,17,66,4.54
182,Nantucket,US,2022-04-15 11:07:16,41.2835,-70.0995,48.34,88,100,11.5
183,Praia Da Vitoria,PT,2022-04-15 11:03:47,38.7333,-27.0667,61.75,90,73,17.2
184,Bambous Virieux,MU,2022-04-15 11:07:16,-20.3428,57.7575,82.65,69,40,12.66
185,Naze,JP,2022-04-15 11:07:17,28.3667,129.4833,65.43,85,81,19.86
186,Deputatskiy,RU,2022-04-15 11:07:17,69.3,139.9,-0.53,91,100,2.86
187,Clarksburg,US,2022-04-15 11:04:15,39.2807,-80.3445,45.3,65,0,4.61
188,Yabelo,ET,2022-04-15 11:07:17,4.8833,38.0833,74.7,46,97,11.52
189,Miles City,US,2022-04-15 11:02:58,46.4083,-105.8406,20.37,86,100,6.91
190,Bethel,US,2022-04-15 11:07:18,41.3712,-73.414,48.65,71,0,3.44
191,Olga,RU,2022-04-15 11:07:18,43.7444,135.2892,39.38,65,39,4.18
192,Gouyave,GD,2022-04-15 11:07:19,12.1646,-61.7296,75.97,88,40,18.41
193,Mount Gambier,AU,2022-04-15 11:07:19,-37.8333,140.7667,62.51,100,100,3.44
194,San Quintin,MX,2022-04-15 11:07:19,30.4833,-115.95,56.53,85,70,12.93
195,Leningradskiy,RU,2022-04-15 11:07:20,69.3833,178.4167,17.13,96,100,10.56
196,Peleduy,RU,2022-04-15 11:07:20,59.6289,112.7406,25.52,82,100,6.06
197,Ulaanbaatar,MN,2022-04-15 11:07:21,47.9077,106.8832,44.73,21,0,13.42
198,Tasiilaq,GL,2022-04-15 11:07:21,65.6145,-37.6368,33.96,99,100,6.46
199,Trincomalee,LK,2022-04-15 11:07:22,8.5711,81.2335,84.79,76,93,10.76
200,Pangnirtung,CA,2022-04-15 11:07:22,66.1451,-65.7125,-2.47,86,18,2.71
201,Pointe Michel,DM,2022-04-15 11:07:22,15.25,-61.3833,77.94,76,18,13.38
202,Luderitz,NA,2022-04-15 11:07:23,-26.6481,15.1594,71.98,43,34,28.01
203,Yakeshi,CN,2022-04-15 11:07:23,49.2833,120.7333,45.46,39,100,17.94
204,Mangai,CD,2022-04-15 11:07:24,-4.05,19.5333,75.97,87,100,3.56
205,Nuuk,GL,2022-04-15 11:07:24,64.1835,-51.7216,20.01,58,20,41.43
206,Cape Canaveral,US,2022-04-15 11:07:24,28.4058,-80.6048,74.98,86,0,5.75
207,Carballo,ES,2022-04-15 11:07:25,43.213,-8.691,66.76,50,0,4.72
208,Vale,GE,2022-04-15 11:07:25,41.6156,42.8722,45.93,76,95,3.8
209,Ussel,FR,2022-04-15 11:07:26,45.55,2.3167,68.2,41,0,5.3
210,Ust-Koksa,RU,2022-04-15 11:07:26,50.2696,85.6108,49.78,54,0,1.48
211,Clyde River,CA,2022-04-15 11:07:26,70.4692,-68.5914,-13.56,86,8,2.95
212,Cidreira,BR,2022-04-15 11:07:27,-30.1811,-50.2056,60.12,76,54,11.41
213,Birao,CF,2022-04-15 11:07:27,10.2849,22.7882,105.58,12,76,3.18
214,Cabedelo,BR,2022-04-15 11:07:28,-6.9811,-34.8339,83.07,73,100,5.41
215,Sabang,ID,2022-04-15 11:07:28,5.8933,95.3214,84.81,69,79,7.38
216,Aboso,GH,2022-04-15 11:07:28,5.3617,-1.9473,84.18,69,100,2.17
217,East London,ZA,2022-04-15 11:07:29,-33.0153,27.9116,63.77,74,100,21.09
218,Waipawa,NZ,2022-04-15 11:07:29,-41.4122,175.5153,45.54,87,9,6.42
219,Mareeba,AU,2022-04-15 11:07:30,-17.0,145.4333,72.32,85,87,2.71
220,Porto Santo,PT,2022-04-15 11:07:30,33.072,-16.3415,62.98,72,75,14.97
221,Unhel,IN,2022-04-15 11:07:30,23.3333,75.5667,100.76,9,0,15.28
222,Jauharabad,PK,2022-04-15 11:07:31,32.2898,72.2813,101.07,11,1,4.41
223,San Cristobal,VE,2022-04-15 11:07:31,7.7669,-72.225,68.18,75,92,2.39
224,Davila,PH,2022-04-15 11:07:32,18.4726,120.5763,84.18,78,45,23.06
225,Longyearbyen,SJ,2022-04-15 11:07:32,78.2186,15.6401,28.24,64,75,3.44
226,Asyut,EG,2022-04-15 11:07:33,27.181,31.1837,91.92,5,0,12.3
227,Coihaique,CL,2022-04-15 11:07:33,-45.5752,-72.0662,48.81,81,0,3.44
228,Benghazi,LY,2022-04-15 11:07:11,32.1167,20.0667,73.53,35,100,24.58
229,Ixtapa,MX,2022-04-15 11:08:33,20.7,-105.2,71.22,83,97,2.55
230,Borovoy,RU,2022-04-15 11:08:34,55.4333,86.0833,44.74,85,47,2.46
231,Daru,PG,2022-04-15 11:08:34,-9.0763,143.2092,81.32,84,100,10.42
232,Whitehorse,CA,2022-04-15 11:08:35,60.7161,-135.0538,21.31,48,34,5.99
233,Saldanha,ZA,2022-04-15 11:08:35,-33.0117,17.9442,63.12,57,0,27.18
234,Kozulka,UA,2022-04-15 11:08:35,50.0351,23.797,57.0,70,100,12.1
235,Smithers,CA,2022-04-15 11:04:33,54.7804,-127.1743,26.74,77,98,1.28
236,Mazamari,PE,2022-04-15 11:08:36,-11.3258,-74.5308,68.05,99,98,1.43
237,Kalmunai,LK,2022-04-15 11:08:36,7.4167,81.8167,85.93,73,53,11.39
238,Kazanskoye,RU,2022-04-15 11:08:36,55.6448,69.235,73.17,19,62,15.08
239,Havre-Saint-Pierre,CA,2022-04-15 11:08:37,50.2334,-63.5986,32.36,93,100,11.5
240,Charters Towers,AU,2022-04-15 11:08:37,-20.1,146.2667,69.4,71,11,8.19
241,Bredasdorp,ZA,2022-04-15 11:08:38,-34.5322,20.0403,61.3,41,95,14.25
242,Souillac,MU,2022-04-15 11:08:38,-20.5167,57.5167,82.78,69,40,12.66
243,Lufilufi,WS,2022-04-15 11:08:38,-13.8745,-171.5986,83.23,76,16,14.5
244,Pevek,RU,2022-04-15 11:08:39,69.7008,170.3133,11.07,87,21,3.76
245,Kodiak,US,2022-04-15 11:08:39,57.79,-152.4072,38.71,87,100,17.27
246,Conceicao Da Barra,BR,2022-04-15 11:08:40,-18.5933,-39.7322,75.69,93,94,4.34
247,Ivanteyevka,RU,2022-04-15 11:08:40,55.9711,37.9208,53.26,52,95,5.77
248,Siljan,NO,2022-04-15 11:08:40,59.2884,9.71,55.62,52,43,1.79
249,Kyabe,TD,2022-04-15 11:08:41,9.4515,18.9449,101.34,26,85,2.66
250,Puerto Ayacucho,VE,2022-04-15 11:08:41,5.6639,-67.6236,76.6,84,100,6.08
251,Guerrero Negro,MX,2022-04-15 11:08:42,27.9769,-114.0611,57.92,80,94,12.35
252,Mayo,US,2022-04-15 11:08:42,38.8876,-76.5119,54.12,79,0,1.01
253,Eyl,SO,2022-04-15 11:08:42,7.9803,49.8164,89.19,58,84,14.07
254,Abeche,TD,2022-04-15 11:08:43,13.8292,20.8324,104.09,4,74,10.6
255,Carndonagh,IE,2022-04-15 11:08:43,55.25,-7.2667,58.62,89,98,9.33
256,Nishihara,JP,2022-04-15 11:08:44,26.1842,127.7558,70.88,94,100,27.63
257,Zaoyang,CN,2022-04-15 11:08:44,32.1272,112.7542,55.72,54,100,10.07
258,Turayf,SA,2022-04-15 11:08:45,31.6725,38.6637,77.22,12,0,6.8
259,Kamaishi,JP,2022-04-15 11:08:45,39.2667,141.8833,40.35,92,100,10.36
260,Opuwo,NA,2022-04-15 11:08:45,-18.0607,13.84,83.95,30,1,4.14
261,Tiksi,RU,2022-04-15 11:08:46,71.6872,128.8694,-1.05,100,100,6.96
262,Dornach,CH,2022-04-15 11:08:46,47.4804,7.6164,69.04,57,75,5.75
263,Gizo,SB,2022-04-15 11:08:46,-8.103,156.8419,81.55,77,99,9.1
264,Thomaston,US,2022-04-15 11:04:04,32.8882,-84.3266,48.51,67,0,5.75
265,Padang,ID,2022-04-15 11:08:47,-0.9492,100.3543,86.05,77,91,2.55
266,Pangody,RU,2022-04-15 11:08:47,65.85,74.4859,30.15,82,43,16.53
267,Tabou,CI,2022-04-15 11:08:48,4.423,-7.3528,83.41,72,99,5.77
268,Edendale,ZA,2022-04-15 11:08:48,-29.6528,30.3147,75.49,64,29,9.89
269,Muana,BR,2022-04-15 11:08:48,-1.5283,-49.2167,77.18,92,100,3.51
270,Bubaque,GW,2022-04-15 11:08:49,11.2833,-15.8333,74.3,70,41,6.93
271,Maceio,BR,2022-04-15 11:07:11,-9.6658,-35.7353,81.84,78,20,8.05
272,Dwarka,IN,2022-04-15 11:08:49,22.2394,68.9678,84.63,68,1,15.26
273,Coahuayana,MX,2022-04-15 11:08:50,18.7333,-103.6833,67.8,66,100,3.42
274,Namatanai,PG,2022-04-15 11:09:50,-3.6667,152.4333,81.01,79,55,6.73
275,Comodoro Rivadavia,AR,2022-04-15 11:04:58,-45.8667,-67.5,55.26,58,0,9.22
276,Nabire,ID,2022-04-15 11:09:51,-3.3667,135.4833,78.04,89,100,1.99
277,Calvinia,ZA,2022-04-15 11:09:51,-31.4707,19.776,65.01,23,51,16.02
278,Mugur-Aksy,RU,2022-04-15 11:09:51,50.35,90.5,34.47,30,0,2.37
279,Mehamn,NO,2022-04-15 11:09:52,71.0357,27.8492,35.55,80,40,14.97
280,Santa Marta,CO,2022-04-15 11:09:52,11.2408,-74.199,81.9,71,98,5.99
281,Nouadhibou,MR,2022-04-15 11:09:52,20.931,-17.0347,65.59,76,0,11.3
282,Lucapa,AO,2022-04-15 11:09:53,-8.4192,20.7447,77.83,69,100,3.56
283,Nemuro,JP,2022-04-15 11:09:53,43.3236,145.575,33.98,91,100,12.06
284,Valleyview,CA,2022-04-15 11:05:13,55.0667,-117.2859,23.79,63,100,4.29
285,Nyurba,RU,2022-04-15 11:09:54,63.2842,118.3319,25.57,91,100,12.39
286,Bengkulu,ID,2022-04-15 11:09:54,-3.8004,102.2655,79.95,80,62,1.16
287,Da Nang,VN,2022-04-15 11:08:54,16.0678,108.2208,82.38,83,40,9.22
288,Gazli,UZ,2022-04-15 11:09:54,40.1333,63.45,92.28,10,43,3.47
289,Hervey Bay,AU,2022-04-15 11:09:55,-25.2986,152.8535,71.51,70,2,16.78
290,Beringovskiy,RU,2022-04-15 11:09:55,63.05,179.3167,32.34,98,100,19.62
291,Tazovskiy,RU,2022-04-15 11:09:56,67.4667,78.7,27.68,84,46,16.91
292,San Andres,CO,2022-04-15 11:09:56,12.5847,-81.7006,80.62,74,40,12.66
293,Lompoc,US,2022-04-15 11:09:56,34.6391,-120.4579,50.72,88,100,25.01
294,Huilong,CN,2022-04-15 11:09:57,31.8111,121.655,56.93,71,100,15.03
295,Amapa,BR,2022-04-15 11:09:57,1.0,-52.0,73.42,98,100,2.68
296,Jijiga,ET,2022-04-15 11:09:58,9.35,42.8,76.08,50,84,11.3
297,Kaiyuan,CN,2022-04-15 11:09:58,23.6977,103.3037,81.03,35,60,11.65
298,Fatehabad,IN,2022-04-15 11:09:58,29.5167,75.45,104.14,5,2,4.59
299,Telgte,DE,2022-04-15 11:08:19,51.9833,7.7833,52.23,81,75,8.05
300,Awbari,LY,2022-04-15 11:09:59,26.5921,12.7805,85.32,14,0,11.99
301,Pacific Grove,US,2022-04-15 11:09:59,36.6177,-121.9166,53.65,92,91,1.99
302,Saskylakh,RU,2022-04-15 11:10:00,71.9167,114.0833,-8.61,99,39,1.97
303,Manokwari,ID,2022-04-15 11:10:00,-0.8667,134.0833,81.3,76,86,1.68
304,Burnie,AU,2022-04-15 11:10:01,-41.0667,145.9167,57.85,91,100,5.84
305,Thompson,CA,2022-04-15 11:05:04,55.7435,-97.8558,8.76,77,100,12.82
306,Goshogawara,JP,2022-04-15 11:10:01,40.8044,140.4414,41.94,85,99,8.12
307,Moses Lake,US,2022-04-15 11:10:02,47.1301,-119.2781,25.88,86,0,4.61
308,Poum,NC,2022-04-15 11:10:02,-20.2333,164.0167,75.33,83,90,6.4
309,Ponta Do Sol,PT,2022-04-15 11:10:02,32.6667,-17.1,71.71,82,16,4.68
310,Murgab,TM,2022-04-15 11:10:03,37.4966,61.9714,89.26,17,22,9.69
311,Shanghai,CN,2022-04-15 11:09:19,31.2222,121.4581,59.94,54,0,13.42
312,Tocopilla,CL,2022-04-15 11:10:03,-22.092,-70.1979,61.5,65,0,8.21
313,Nabinagar,BD,2022-04-15 11:05:08,23.8917,90.9733,93.33,39,33,21.63
314,Nizhniy Odes,RU,2022-04-15 11:10:04,63.6445,54.856,31.59,77,100,10.25
315,Farah,AF,2022-04-15 11:10:04,32.5,62.5,91.74,6,24,6.31
316,Sakakah,SA,2022-04-15 11:09:08,29.9697,40.2064,79.93,13,0,8.81
317,Georgetown,MY,2022-04-15 11:09:14,5.4112,100.3354,85.95,70,20,5.75
318,Santa Lucia,ES,2022-04-15 11:10:05,27.9117,-15.5407,63.77,56,20,28.77
319,Port Hardy,CA,2022-04-15 11:11:05,50.6996,-127.4199,36.12,71,60,2.86
320,Gladstone,AU,2022-04-15 11:11:06,-23.85,151.25,73.33,64,0,11.5
321,Khani,GE,2022-04-15 11:11:06,41.9563,42.9566,51.37,61,76,5.59
322,Alihe,CN,2022-04-15 11:11:07,50.5667,123.7167,43.93,50,100,8.12
323,Kurumkan,RU,2022-04-15 11:11:07,54.3,110.3,39.61,67,100,7.54
324,Lasa,IT,2022-04-15 11:11:07,46.6166,10.7002,67.37,86,98,4.97
325,Oksfjord,NO,2022-04-15 11:11:08,70.2396,22.3479,36.0,89,100,9.55
326,Robore,BO,2022-04-15 11:11:08,-18.3333,-59.75,58.93,61,1,2.68
327,Fort Nelson,CA,2022-04-15 11:08:25,58.8053,-122.7002,6.4,98,61,0.96
328,Najran,SA,2022-04-15 11:11:09,17.4924,44.1277,95.29,8,2,12.3
329,Fergus Falls,US,2022-04-15 11:11:09,46.283,-96.0776,15.87,82,75,20.71
330,Ilulissat,GL,2022-04-15 11:11:10,69.2167,-51.1,-10.12,95,14,2.91
331,Pitimbu,BR,2022-04-15 11:11:10,-7.4706,-34.8086,82.99,72,100,4.61
332,Pathein,MM,2022-04-15 11:11:10,16.7833,94.7333,88.2,53,7,14.76
333,Vorokhta,UA,2022-04-15 11:11:11,48.2869,24.5719,59.74,34,92,5.37
334,Delaware,US,2022-04-15 11:11:11,39.0004,-75.4999,52.93,72,28,13.09
335,Williston,US,2022-04-15 11:08:23,48.147,-103.618,11.03,84,86,4.0
336,Trelew,AR,2022-04-15 11:11:12,-43.249,-65.3051,61.14,36,0,20.67
337,Anadyr,RU,2022-04-15 11:11:12,64.75,177.4833,33.49,80,100,15.5
338,Yeppoon,AU,2022-04-15 11:11:13,-23.1333,150.7333,69.58,69,0,18.66
339,Chingirlau,KZ,2022-04-15 11:11:13,51.095,54.0814,55.83,49,76,21.72
340,Monterey,US,2022-04-15 11:10:55,36.2505,-121.2516,47.17,1,33,4.34
341,Aripuana,BR,2022-04-15 11:11:13,-9.1667,-60.6333,72.5,99,100,2.1
342,Balmedie,GB,2022-04-15 11:11:14,57.2505,-2.0616,56.41,87,100,13.8
343,Zhezkazgan,KZ,2022-04-15 11:11:14,47.8043,67.7144,78.78,11,0,8.95
344,Mjolby,SE,2022-04-15 11:11:15,58.326,15.1237,44.89,47,18,10.45
345,Constitucion,CL,2022-04-15 11:11:15,-35.3333,-72.4167,53.55,84,80,4.76
346,Hofn,IS,2022-04-15 11:11:15,64.2539,-15.2082,45.75,93,81,18.01
347,Goderich,CA,2022-04-15 11:09:39,43.7501,-81.7165,40.91,75,68,10.11
348,Kashan,IR,2022-04-15 11:07:16,33.9831,51.4364,82.51,18,49,1.5
349,Hambantota,LK,2022-04-15 11:11:16,6.1241,81.1185,85.12,73,40,14.12
350,Acapulco,MX,2022-04-15 11:11:17,16.8634,-99.8901,75.02,78,40,2.3
351,Sao Gabriel Da Cachoeira,BR,2022-04-15 11:11:17,-0.1303,-67.0892,71.92,99,100,1.57
352,Esperance,AU,2022-04-15 11:11:17,-33.8667,121.9,62.06,74,0,12.66
353,Shahr-E Babak,IR,2022-04-15 11:11:18,30.1165,55.1186,73.87,26,95,22.93
354,Kavieng,PG,2022-04-15 11:11:18,-2.5744,150.7967,82.87,76,67,9.46
355,Grindavik,IS,2022-04-15 11:11:19,63.8424,-22.4338,46.87,93,100,29.93
356,Acri,IT,2022-04-15 11:11:19,39.4929,16.3838,64.69,43,83,7.83
357,Sept-Iles,CA,2022-04-15 11:11:19,50.2001,-66.3821,36.05,82,100,5.99
358,Deolali,IN,2022-04-15 11:11:20,19.95,73.8333,98.38,13,0,13.91
359,Manadhoo,MV,2022-04-15 11:11:20,5.7667,73.3833,85.15,68,5,6.26
360,Tacoronte,ES,2022-04-15 11:11:21,28.4769,-16.4102,70.12,58,20,10.36
361,Egvekinot,RU,2022-04-15 11:11:21,66.3167,-179.1667,18.1,87,84,16.91
362,Ambatondrazaka,MG,2022-04-15 11:11:22,-17.8333,48.4167,77.36,70,87,11.32
363,Ivanovka,KG,2022-04-15 11:11:22,42.8878,75.085,75.63,26,1,7.85
364,Bandarbeyla,SO,2022-04-15 11:11:22,9.4942,50.8122,88.09,63,90,15.17
365,Necochea,AR,2022-04-15 11:11:23,-38.5473,-58.7368,49.57,70,0,9.44
366,Srandakan,ID,2022-04-15 11:11:23,-7.9386,110.2506,79.75,85,83,7.2
367,Krasnoye,UA,2022-04-15 11:12:24,49.9145,24.6134,60.94,61,100,15.28
368,Hamilton,US,2022-04-15 11:12:24,39.1834,-84.5333,49.55,55,0,6.91
369,Salalah,OM,2022-04-15 11:12:25,17.0151,54.0924,87.89,62,0,12.66
370,Cajabamba,PE,2022-04-15 11:12:25,-7.6167,-78.05,49.95,90,73,3.91
371,Harper,LR,2022-04-15 11:12:25,4.375,-7.7169,83.34,73,100,6.33
372,Paita,PE,2022-04-15 11:12:26,-5.0892,-81.1144,67.77,83,70,12.88
373,Alta Floresta,BR,2022-04-15 11:12:26,-9.8756,-56.0861,72.32,98,91,2.3
374,Buy,RU,2022-04-15 11:12:27,58.4786,41.53,40.24,67,73,8.03
375,Ratnagiri,IN,2022-04-15 11:12:27,16.9833,73.3,86.76,59,80,13.02
376,Pali,IN,2022-04-15 11:12:27,25.7667,73.3333,104.22,7,0,14.2
377,Pemex,MX,2022-04-15 11:12:28,18.4395,-96.3461,75.97,86,88,2.26
378,Koygorodok,RU,2022-04-15 11:12:28,60.445,50.9968,32.99,85,100,10.49
379,Ulverstone,AU,2022-04-15 11:12:29,-41.15,146.1667,58.14,92,100,4.76
380,Kargasok,RU,2022-04-15 11:12:29,59.0556,80.8572,44.46,100,100,3.67
381,Pangai,TO,2022-04-15 11:12:30,-19.8,-174.35,82.42,77,10,13.44
382,Haines Junction,CA,2022-04-15 11:12:30,60.7522,-137.5108,18.3,88,87,3.24
383,Kruisfontein,ZA,2022-04-15 11:12:30,-34.0033,24.7314,61.88,71,94,17.45
384,Adeje,ES,2022-04-15 11:12:31,28.1227,-16.726,73.87,60,0,20.71
385,Suntar,RU,2022-04-15 11:12:31,62.1444,117.6319,25.65,83,98,10.65
386,Champerico,GT,2022-04-15 11:12:32,14.3,-91.9167,81.27,74,67,5.86
387,Aliwal North,ZA,2022-04-15 11:12:32,-30.6937,26.7114,73.94,33,84,14.27
388,Rio Grande,BR,2022-04-15 11:12:32,-32.035,-52.0986,57.31,69,93,10.27
389,Kendari,ID,2022-04-15 11:12:33,-3.945,122.4989,79.65,82,48,3.65
390,Sao Paulo De Olivenca,BR,2022-04-15 11:12:33,-3.3783,-68.8725,71.47,100,100,1.41
391,Wiang Sa,TH,2022-04-15 11:12:34,8.6359,99.3666,85.91,71,58,3.04
392,Luanda,AO,2022-04-15 11:10:07,-8.8368,13.2343,82.4,78,75,6.91
393,Sao Joao Da Barra,BR,2022-04-15 11:12:34,-21.6403,-41.0511,73.49,87,100,20.47
394,Tarko-Sale,RU,2022-04-15 11:12:34,64.9225,77.785,33.64,98,100,11.92
395,Bandraboua,YT,2022-04-15 11:12:35,-12.7044,45.1223,89.28,73,9,12.06
396,Gigmoto,PH,2022-04-15 11:12:35,13.7796,124.39,78.93,81,37,3.76
397,Vardo,NO,2022-04-15 11:12:36,70.3705,31.1107,33.64,69,58,7.27
398,San Policarpo,PH,2022-04-15 11:12:36,12.1791,125.5072,80.17,76,58,5.7
399,Tautira,PF,2022-04-15 11:12:37,-17.7333,-149.15,80.47,75,77,16.84
400,Sur,OM,2022-04-15 11:12:37,22.5667,59.5289,97.05,29,9,8.16
401,San Patricio,US,2022-04-15 11:12:37,28.017,-97.5169,75.29,94,92,4.47
402,Kvarkeno,RU,2022-04-15 11:12:38,52.0833,59.725,57.45,42,74,12.77
403,Mentougou,CN,2022-04-15 11:12:38,39.9392,116.0917,61.74,9,0,4.07
404,Brownsville,US,2022-04-15 11:10:13,25.9018,-97.4975,75.97,91,100,3.44
405,Lagoa,PT,2022-04-15 11:12:39,39.05,-27.9833,58.96,81,77,20.33
406,Vrede,ZA,2022-04-15 11:12:39,-27.4257,29.1659,73.22,27,1,7.2
407,Asosa,ET,2022-04-15 11:12:39,10.0667,34.5333,73.08,65,97,0.58
408,Olinda,BR,2022-04-15 11:12:40,-8.0089,-34.8553,83.93,74,40,3.44
409,Shimoda,JP,2022-04-15 11:12:40,34.6667,138.95,52.11,92,100,20.29
410,Tigil,RU,2022-04-15 11:12:41,57.8,158.6667,23.47,90,100,11.05
411,Caravelas,BR,2022-04-15 11:12:41,-17.7125,-39.2481,79.7,85,90,7.54
412,Kitale,KE,2022-04-15 11:12:42,1.0157,35.0062,63.43,81,100,8.23
413,Borsad,IN,2022-04-15 11:13:42,22.4167,72.9,105.84,9,0,13.96
414,Yumen,CN,2022-04-15 11:13:42,40.2833,97.2,59.05,14,67,24.09
415,San Pedro,PH,2022-04-15 11:13:43,14.35,121.0167,85.23,78,40,5.75
416,Itarema,BR,2022-04-15 11:13:43,-2.9248,-39.9167,80.2,82,52,5.48
417,Saint George,US,2022-04-15 11:13:44,37.1041,-113.5841,50.79,25,0,3.44
418,Deep River,CA,2022-04-15 11:13:44,46.1001,-77.4995,36.95,75,29,6.13
419,Saint Anthony,US,2022-04-15 11:13:44,45.0205,-93.218,25.25,69,0,23.02
420,Broome,US,2022-04-15 11:13:45,42.2506,-75.833,42.67,72,20,6.91
421,Baglung,NP,2022-04-15 11:13:45,28.2719,83.5898,87.22,11,76,9.53
422,Sinnamary,GF,2022-04-15 11:13:46,5.3833,-52.95,78.42,85,100,11.86
423,Mobai,SL,2022-04-15 11:13:46,7.9944,-10.7511,81.18,73,100,2.66
424,Altamira,BR,2022-04-15 11:13:46,-3.2033,-52.2064,74.39,99,100,3.15
425,Mawlaik,MM,2022-04-15 11:13:47,23.6333,94.4167,102.9,18,71,5.01
426,Polovinnoye,RU,2022-04-15 11:13:47,54.7914,65.9864,73.71,26,100,15.79
427,Mogadishu,SO,2022-04-15 11:13:48,2.0371,45.3438,85.21,66,100,10.13
428,Kjollefjord,NO,2022-04-15 11:13:48,70.9457,27.3465,39.25,80,40,14.97
429,Kysyl-Syr,RU,2022-04-15 11:13:48,63.8986,122.7617,29.43,90,100,8.37
430,Bonfim,BR,2022-04-15 11:13:49,3.0833,-59.95,77.07,79,100,8.68
431,Balikpapan,ID,2022-04-15 11:13:49,-1.2675,116.8289,81.59,74,75,0.0
432,Te Anau,NZ,2022-04-15 11:13:50,-45.4167,167.7167,54.09,83,80,8.68
433,Vanimo,PG,2022-04-15 11:13:50,-2.6741,141.3028,79.84,85,25,4.56
434,Margate,GB,2022-04-15 11:13:50,51.3813,1.3862,64.11,83,100,7.18
435,Ueckermunde,DE,2022-04-15 11:13:51,53.7379,14.0447,49.55,93,100,13.8
436,Marzuq,YE,2022-04-15 11:13:51,14.4,46.4667,91.69,5,14,15.14
437,Yulara,AU,2022-04-15 11:13:52,-25.2406,130.9889,87.94,21,54,7.65
438,Xudat,AZ,2022-04-15 11:13:52,41.631,48.681,55.35,58,5,12.68
439,Inhambane,MZ,2022-04-15 11:13:52,-23.865,35.3833,86.97,64,84,12.21
440,Contamana,PE,2022-04-15 11:13:53,-7.3333,-75.0167,70.74,99,99,0.83
441,Ndola,ZM,2022-04-15 11:13:53,-12.9587,28.6366,79.09,58,95,7.34
442,Port Lincoln,AU,2022-04-15 11:13:54,-34.7333,135.8667,66.52,82,35,9.91
443,Nokaneng,BW,2022-04-15 11:13:54,-19.6667,22.2667,90.03,29,7,5.88
444,Sikasso,ML,2022-04-15 11:13:54,10.9167,-7.0,95.61,33,59,8.41
445,Kalemie,CD,2022-04-15 11:13:55,-5.9475,29.1947,77.65,77,99,3.24
446,Cayenne,GF,2022-04-15 11:13:55,4.9333,-52.3333,76.08,1,75,10.36
447,Asau,RO,2022-04-15 11:13:56,46.4333,26.4,69.28,31,21,5.35
448,Zhangye,CN,2022-04-15 11:13:56,38.9342,100.4517,65.01,18,99,3.11
449,Odweyne,SO,2022-04-15 11:13:56,9.4092,45.064,90.59,26,91,8.16
450,Walcz,PL,2022-04-15 11:13:57,53.2779,16.4712,45.82,91,100,8.86
451,Sechura,PE,2022-04-15 11:13:57,-5.5569,-80.8222,67.57,82,70,11.52
452,Honiara,SB,2022-04-15 11:09:08,-9.4333,159.95,78.08,86,72,0.69
453,Lichuan,CN,2022-04-15 11:13:58,30.3,108.85,37.04,98,100,4.25
454,Praya,CV,2022-04-15 11:13:58,14.9215,-23.5087,71.71,72,3,13.85
455,Vila Franca Do Campo,PT,2022-04-15 11:13:58,37.7167,-25.4333,64.81,77,48,12.75
456,Umm Qays,JO,2022-04-15 11:13:59,32.6535,35.6854,77.95,23,2,7.65
457,Prince Rupert,CA,2022-04-15 11:13:59,54.3161,-130.3201,36.36,59,90,4.18
458,Romny,UA,2022-04-15 11:14:00,50.751,33.4747,58.23,46,94,7.96
459,Esil,KZ,2022-04-15 11:14:00,51.9556,66.4042,73.81,24,98,15.37
460,Kochevo,RU,2022-04-15 11:15:00,59.5994,54.3125,30.96,96,100,7.05
461,Nalut,LY,2022-04-15 11:15:01,30.3333,10.85,75.29,17,0,14.05
462,Moose Factory,CA,2022-04-15 11:15:01,51.2585,-80.6094,28.4,86,29,5.75
463,Biltine,TD,2022-04-15 11:15:01,14.5333,20.9167,103.08,4,97,7.0
464,Impfondo,CG,2022-04-15 11:15:02,1.6381,18.0667,78.89,70,100,0.92
465,Liverpool,GB,2022-04-15 11:14:22,53.4106,-2.9779,64.09,71,40,9.22
466,Samarai,PG,2022-04-15 11:15:02,-10.6167,150.6667,82.89,76,76,12.21
467,Lodja,CD,2022-04-15 11:15:03,-3.4833,23.4333,75.33,92,100,0.74
468,Nelson Bay,AU,2022-04-15 11:15:03,-32.7167,152.15,66.99,94,48,7.16
469,Port-Gentil,GA,2022-04-15 11:15:03,-0.7193,8.7815,80.17,81,99,6.13
470,San Cosme Y Damian,PY,2022-04-15 11:15:04,-27.3167,-56.35,55.58,81,0,4.65
471,Divnogorsk,RU,2022-04-15 11:15:04,55.9594,92.3619,59.49,69,73,5.03
472,Gobabis,NA,2022-04-15 11:15:05,-22.45,18.9667,80.82,21,24,2.19
473,Kota Kinabalu,MY,2022-04-15 11:11:17,5.9749,116.0724,84.18,79,20,2.3
474,Bang Saphan,TH,2022-04-15 11:15:05,11.2126,99.5117,87.57,62,77,3.67
475,Kieta,PG,2022-04-15 11:15:06,-6.2167,155.6333,79.75,82,75,2.66
476,La Asuncion,VE,2022-04-15 11:15:06,11.0333,-63.8628,77.0,86,67,16.51
477,Buraydah,SA,2022-04-15 11:15:06,26.326,43.975,99.01,10,6,11.12
478,Okhotsk,RU,2022-04-15 11:15:07,59.3833,143.3,17.37,81,27,1.99
479,Maldonado,UY,2022-04-15 11:15:07,-34.6667,-54.9167,53.22,73,73,1.14
480,Faanui,PF,2022-04-15 11:15:08,-16.4833,-151.75,81.34,73,7,17.29
481,Afua,BR,2022-04-15 11:15:08,-0.1567,-50.3867,75.25,95,100,4.92
482,Fukue,JP,2022-04-15 11:15:08,32.6881,128.8419,56.75,71,99,26.11
483,Ayan,RU,2022-04-15 11:15:09,56.45,138.1667,24.33,87,56,2.39
484,San Francisco,US,2022-04-15 11:15:09,37.7749,-122.4194,52.66,85,75,13.8
485,Peterhead,GB,2022-04-15 11:15:10,57.5058,-1.7981,55.45,91,100,18.12
486,Hovd,MN,2022-04-15 11:10:37,48.0056,91.6419,38.37,24,2,2.24
487,Tamalameque,CO,2022-04-15 11:15:10,8.8522,-73.8123,77.31,86,100,1.12
488,Milkovo,RU,2022-04-15 11:15:10,54.7167,158.6167,25.59,72,100,5.5
489,Ossora,RU,2022-04-15 11:15:11,59.2353,163.0719,20.3,90,100,3.53
490,Sobolevo,RU,2022-04-15 11:15:12,54.4299,31.8996,54.7,64,100,9.01
491,Mustafakemalpasa,TR,2022-04-15 11:15:12,40.0353,28.4117,67.1,47,0,6.44
492,Umm Lajj,SA,2022-04-15 11:15:12,25.0213,37.2685,79.95,57,0,11.9
493,Arsk,RU,2022-04-15 11:15:13,56.0915,49.8778,41.09,94,100,5.12
494,Linjiang,CN,2022-04-15 11:15:13,41.8069,126.9078,43.65,45,1,1.23
495,Mazara Del Vallo,IT,2022-04-15 11:15:14,37.6641,12.588,71.92,60,96,5.53
496,Paamiut,GL,2022-04-15 11:15:14,61.994,-49.6678,19.22,79,68,14.27
497,Herat,AF,2022-04-15 11:15:15,34.5,62.0,88.34,9,44,22.82
498,Bilibino,RU,2022-04-15 11:15:16,68.0546,166.4372,7.72,92,22,5.7
499,Barahona,DO,2022-04-15 11:15:04,18.2085,-71.1008,74.62,82,6,2.66
500,Berezovyy,RU,2022-04-15 11:15:17,51.6667,135.7,29.53,92,92,4.45
501,Ust-Ilimsk,RU,2022-04-15 11:15:17,58.0006,102.6619,38.26,95,100,2.46
502,Sarkand,KZ,2022-04-15 11:15:18,45.41,79.9186,70.39,17,0,8.28
503,La Ronge,CA,2022-04-15 11:15:18,55.1001,-105.2842,14.22,57,100,5.75
504,Arlit,NE,2022-04-15 11:15:18,18.7369,7.3853,103.17,5,5,9.55
505,San Isidro,PE,2022-04-15 11:15:19,-12.1167,-77.05,62.19,88,100,5.75
506,Berlevag,NO,2022-04-15 11:15:19,70.8578,29.0864,35.6,89,57,11.61
507,Alice Springs,AU,2022-04-15 11:15:20,-23.7,133.8833,80.15,29,11,8.05
508,Bhag,PK,2022-04-15 11:15:20,29.0415,67.8239,109.11,3,0,2.44
509,Omboue,GA,2022-04-15 11:15:21,-1.5746,9.2618,84.67,70,100,5.17
510,Sisimiut,GL,2022-04-15 11:19:07,66.9395,-53.6735,8.92,78,51,9.89
511,Oktyabrskoye,RU,2022-04-15 11:19:07,43.0645,44.7417,55.54,51,75,8.95
512,Bumba,CD,2022-04-15 11:19:08,2.1833,22.4667,76.91,80,100,1.97
513,Kirkenaer,NO,2022-04-15 11:19:08,60.4564,12.0582,48.02,62,18,1.5
514,Belgrade,RS,2022-04-15 11:15:48,44.804,20.4651,73.33,27,0,3.44
515,Atar,MR,2022-04-15 11:19:09,20.5169,-13.0499,86.58,15,0,3.83
516,Denpasar,ID,2022-04-15 11:16:19,-8.65,115.2167,85.71,84,40,6.91
517,Grand Gaube,MU,2022-04-15 11:19:09,-20.0064,57.6608,83.37,72,4,5.99
518,Dossor,KZ,2022-04-15 11:19:10,47.5272,52.9811,63.3,29,9,15.5
519,Gondar,ET,2022-04-15 11:19:10,12.6,37.4667,76.62,31,69,13.8
520,Copalillo,MX,2022-04-15 11:19:10,18.0333,-99.1167,71.91,59,78,2.66
521,Price,US,2022-04-15 11:17:24,39.5994,-110.8107,50.11,38,0,3.44
522,Puerto El Triunfo,SV,2022-04-15 11:19:11,13.2833,-88.55,79.68,75,73,2.68
523,Outjo,NA,2022-04-15 11:19:11,-20.1167,16.15,83.08,24,2,4.25
524,Xining,CN,2022-04-15 11:19:12,36.6167,101.7667,47.46,59,100,8.41
525,Soyo,AO,2022-04-15 11:19:12,-6.1349,12.3689,82.47,75,100,5.3
526,Bairnsdale,AU,2022-04-15 11:19:12,-37.8333,147.6167,61.56,75,100,1.32
527,Salinopolis,BR,2022-04-15 11:19:13,-0.6136,-47.3561,79.79,85,100,11.25
528,Mayumba,GA,2022-04-15 11:19:13,-3.432,10.6554,81.1,80,100,3.53
529,Bardiyah,LY,2022-04-15 11:19:13,31.7561,25.0865,63.21,68,88,16.06
530,Flinders,AU,2022-04-15 11:19:14,-34.5833,150.8552,65.17,81,93,3.0
531,Hay River,CA,2022-04-15 11:19:14,60.8156,-115.7999,12.16,61,20,4.61
532,Constantine,DZ,2022-04-15 11:15:53,36.365,6.6147,58.41,77,75,12.66
533,Dezful,IR,2022-04-15 11:19:15,32.3811,48.4058,92.88,18,94,8.03
534,Bogotol,RU,2022-04-15 11:19:15,56.2078,89.5342,41.81,97,86,4.34
535,Balti,MD,2022-04-15 11:19:16,47.7617,27.9289,68.45,34,30,9.71
536,Komsomolskiy,UZ,2022-04-15 11:19:16,40.4272,71.7189,83.12,18,0,4.61
537,Labuhan,ID,2022-04-15 11:19:17,-6.8844,112.2051,81.99,75,31,5.44
538,Coronel Fabriciano,BR,2022-04-15 11:15:31,-19.5186,-42.6289,73.44,78,100,5.75
539,Linxia,CN,2022-04-15 11:19:18,35.6003,103.2064,48.31,55,100,10.69
540,Sumbe,AO,2022-04-15 11:19:18,-11.2061,13.8437,81.72,78,97,2.8
541,Abha,SA,2022-04-15 11:19:18,18.2164,42.5053,82.22,18,40,13.8
542,Kichera,RU,2022-04-15 11:19:19,55.9375,110.0997,33.85,89,100,4.32
543,Chivay,PE,2022-04-15 11:19:20,-15.6383,-71.6011,41.45,27,4,2.44
544,Cockburn Town,TC,2022-04-15 11:19:20,21.4612,-71.1419,76.96,78,40,18.41
545,Chowchilla,US,2022-04-15 11:19:20,37.123,-120.2602,54.45,93,0,4.61
546,Yelyzavethradka,UA,2022-04-15 11:19:21,48.8038,32.4046,61.34,38,98,6.93
547,Mangan,IN,2022-04-15 11:19:15,27.5167,88.5333,75.63,68,89,3.78
548,Pandan,PH,2022-04-15 11:19:22,14.0453,124.1694,79.25,78,60,5.01
549,Hecun,CN,2022-04-15 11:19:22,36.5333,114.1111,55.53,23,100,3.83
550,Lazaro Cardenas,MX,2022-04-15 11:19:23,17.9583,-102.2,70.3,86,94,4.25
551,Talcahuano,CL,2022-04-15 11:15:34,-36.7167,-73.1167,52.07,89,36,1.63
552,Barcelos,PT,2022-04-15 11:19:23,41.5388,-8.6151,71.92,52,3,2.64
553,Bronnoysund,NO,2022-04-15 11:17:29,65.4625,12.1997,50.0,27,47,2.3
554,Tessalit,ML,2022-04-15 11:19:24,20.1986,1.0114,88.79,11,0,12.46
555,Chabahar,IR,2022-04-15 11:19:24,25.2919,60.643,86.2,58,32,11.74
556,Masallatah,LY,2022-04-15 11:20:25,32.6167,14.0,68.59,55,100,14.97
557,Kotelnich,RU,2022-04-15 11:20:25,58.3089,48.348,32.9,98,100,12.41
558,Kinablangan,PH,2022-04-15 11:20:26,7.6947,126.5503,79.59,83,82,1.59
559,Launceston,AU,2022-04-15 11:20:12,-41.45,147.1667,56.16,93,100,3.44
560,Taman,RU,2022-04-15 11:20:26,45.2117,36.7161,51.19,88,100,11.05
