City_ID,City,Country,Date,Lat,Lng,Max Temp,Humidity,Cloudiness,Wind Speed,Current Description
0,Busselton,AU,2022-04-15 18:08:19,-33.65,115.3333,14.5,91,18,3.0,few clouds
1,Harbour Breton,CA,2022-04-15 18:08:19,47.4833,-55.7983,3.87,75,70,2.28,broken clouds
2,Biak,ID,2022-04-15 18:08:20,-0.9131,122.8766,24.92,83,95,0.86,moderate rain
3,Luderitz,NA,2022-04-15 18:08:20,-26.6481,15.1594,15.94,67,0,11.56,clear sky
4,Kaitangata,NZ,2022-04-15 18:08:21,-46.2817,169.8464,15.13,57,82,6.1,broken clouds
5,Mataura,NZ,2022-04-15 18:05:15,-46.1927,168.8643,11.38,79,93,5.31,light rain
6,Vaini,TO,2022-04-15 18:08:21,-21.2,-175.2,25.09,94,20,1.54,few clouds
7,Espumoso,BR,2022-04-15 18:08:21,-28.7247,-52.8497,19.66,51,0,3.09,clear sky
8,Kapaa,US,2022-04-15 18:08:22,22.0752,-159.319,23.99,83,40,6.69,scattered clouds
9,Cape Town,ZA,2022-04-15 18:04:31,-33.9258,18.4232,16.86,61,17,4.92,few clouds
10,Cidreira,BR,2022-04-15 18:08:22,-30.1811,-50.2056,18.78,65,99,3.81,overcast clouds
11,Timmins,CA,2022-04-15 18:08:23,48.4669,-81.3331,-1.1,86,100,4.12,light snow
12,San Cristobal,VE,2022-04-15 18:05:48,7.7669,-72.225,27.1,58,92,2.78,overcast clouds
13,Barrow,US,2022-04-15 18:05:55,71.2906,-156.7887,-18.99,78,0,9.77,haze
14,Hobart,AU,2022-04-15 18:08:23,-42.8794,147.3294,11.92,74,100,2.06,overcast clouds
15,Colac,AU,2022-04-15 18:08:24,-38.3333,143.5833,15.46,93,84,1.08,broken clouds
16,Upernavik,GL,2022-04-15 18:08:24,72.7868,-56.1549,-19.95,89,23,5.68,few clouds
17,Udachnyy,RU,2022-04-15 18:08:25,66.4167,112.4,-23.38,100,47,1.01,scattered clouds
18,Parabel,RU,2022-04-15 18:08:25,58.6978,81.4825,3.66,100,100,2.88,overcast clouds
19,Saldanha,ZA,2022-04-15 18:08:25,-33.0117,17.9442,15.92,57,0,8.29,clear sky
20,Ilulissat,GL,2022-04-15 18:08:26,69.2167,-51.1,-8.99,53,75,3.09,broken clouds
21,Santa Cruz De La Palma,ES,2022-04-15 18:08:26,28.6835,-17.7642,21.19,64,0,6.69,clear sky
22,Bredasdorp,ZA,2022-04-15 18:08:26,-34.5322,20.0403,13.18,62,36,3.32,scattered clouds
23,Albany,US,2022-04-15 18:06:17,42.6001,-73.9662,19.21,21,18,2.24,few clouds
24,Plon,DE,2022-04-15 18:08:27,54.1667,10.4167,7.79,89,97,4.49,overcast clouds
25,Carutapera,BR,2022-04-15 18:08:27,-1.195,-46.02,26.86,88,72,3.12,moderate rain
26,Teahupoo,PF,2022-04-15 18:08:28,-17.8333,-149.2667,23.98,72,22,7.6,light rain
27,High Level,CA,2022-04-15 18:05:05,58.5169,-117.136,-3.85,78,99,2.12,overcast clouds
28,Labrea,BR,2022-04-15 18:08:28,-7.2586,-64.7981,26.94,86,99,1.26,overcast clouds
29,Lompoc,US,2022-04-15 18:08:29,34.6391,-120.4579,20.47,65,0,6.71,clear sky
30,Kavaratti,IN,2022-04-15 18:08:29,10.5669,72.642,28.52,73,47,1.0,scattered clouds
31,Punta Arenas,CL,2022-04-15 18:04:21,-53.15,-70.9167,11.06,76,75,8.23,broken clouds
32,Tupelo,US,2022-04-15 18:06:20,34.2576,-88.7034,25.16,18,0,7.2,clear sky
33,Coihaique,CL,2022-04-15 18:08:29,-45.5752,-72.0662,15.34,72,75,2.57,broken clouds
34,Hermanus,ZA,2022-04-15 18:08:30,-34.4187,19.2345,12.11,61,28,7.13,scattered clouds
35,Port Elizabeth,ZA,2022-04-15 18:08:30,-33.918,25.5701,16.17,71,64,0.45,broken clouds
36,Tete,MZ,2022-04-15 18:08:31,-16.1564,33.5867,27.09,68,47,1.91,scattered clouds
37,Dhidhdhoo,MV,2022-04-15 18:08:31,6.8833,73.1,29.18,71,6,3.68,clear sky
38,Narsaq,GL,2022-04-15 18:08:31,60.9167,-46.05,0.12,60,81,1.28,broken clouds
39,Egvekinot,RU,2022-04-15 18:08:32,66.3167,-179.1667,-8.6,85,96,8.63,overcast clouds
40,Hamilton,US,2022-04-15 18:05:03,39.1834,-84.5333,22.02,21,0,10.8,clear sky
41,Butaritari,KI,2022-04-15 18:08:32,3.0707,172.7902,27.1,73,96,2.49,overcast clouds
42,Broome,US,2022-04-15 18:08:33,42.2506,-75.833,18.11,29,100,7.72,overcast clouds
43,Oistins,BB,2022-04-15 18:05:44,13.0667,-59.5333,29.05,65,40,9.26,scattered clouds
44,Alekseyevka,RU,2022-04-15 18:08:33,50.6309,38.6903,11.51,58,97,1.7,overcast clouds
45,Kahului,US,2022-04-15 18:07:55,20.8947,-156.47,25.01,69,20,7.72,few clouds
46,Papara,BR,2022-04-15 18:09:34,-3.9839,-38.7273,30.22,72,79,2.5,broken clouds
47,Sechura,PE,2022-04-15 18:09:34,-5.5569,-80.8222,27.12,53,52,6.63,broken clouds
48,Havre-Saint-Pierre,CA,2022-04-15 18:09:34,50.2334,-63.5986,1.2,100,100,6.17,overcast clouds
49,Kindu,CD,2022-04-15 18:09:35,-2.95,25.95,20.72,100,100,0.22,overcast clouds
50,Jasper,US,2022-04-15 18:08:28,37.2001,-94.3502,20.38,57,100,3.6,thunderstorm
51,Dong Hoi,VN,2022-04-15 18:09:35,17.4833,106.6,24.33,97,29,3.08,scattered clouds
52,Carnarvon,AU,2022-04-15 18:05:45,-24.8667,113.6333,25.04,61,53,5.66,broken clouds
53,Atuona,PF,2022-04-15 18:05:58,-9.8,-139.0333,25.82,78,19,6.92,light rain
54,Georgetown,MY,2022-04-15 18:05:28,5.4112,100.3354,27.96,89,20,0.0,few clouds
55,Dicabisagan,PH,2022-04-15 18:09:36,17.0818,122.4157,24.17,90,92,3.21,overcast clouds
56,Plettenberg Bay,ZA,2022-04-15 18:09:36,-34.0527,23.3716,14.76,65,98,2.09,overcast clouds
57,Faanui,PF,2022-04-15 18:09:37,-16.4833,-151.75,27.56,72,7,8.06,clear sky
58,Hasaki,JP,2022-04-15 18:09:37,35.7333,140.8333,8.22,89,100,14.45,overcast clouds
59,Ternate,ID,2022-04-15 18:09:37,0.8,127.4,27.21,80,75,2.18,broken clouds
60,Cherskiy,RU,2022-04-15 18:09:38,68.75,161.3,-16.86,100,90,0.78,overcast clouds
61,Qaanaaq,GL,2022-04-15 18:09:38,77.484,-69.3632,-18.28,90,100,1.83,overcast clouds
62,Rikitea,PF,2022-04-15 18:09:39,-23.1203,-134.9692,25.36,70,0,7.31,clear sky
63,Laguna,US,2022-04-15 18:09:39,38.421,-121.4238,18.02,68,0,3.6,clear sky
64,Port Hardy,CA,2022-04-15 18:09:39,50.6996,-127.4199,6.29,60,85,2.69,overcast clouds
65,Jumla,NP,2022-04-15 18:09:40,29.2747,82.1838,8.83,49,48,2.76,scattered clouds
66,Richards Bay,ZA,2022-04-15 18:09:40,-28.783,32.0377,21.28,89,62,9.96,light rain
67,Fukue,JP,2022-04-15 18:09:41,32.6881,128.8419,13.24,67,73,11.81,broken clouds
68,Kysyl-Syr,RU,2022-04-15 18:09:41,63.8986,122.7617,-8.58,90,92,3.58,overcast clouds
69,Belaya Gora,RU,2022-04-15 18:09:41,68.5333,146.4167,-13.65,97,100,1.37,overcast clouds
70,Ribeira Grande,PT,2022-04-15 18:09:42,38.5167,-28.7,16.22,77,75,7.2,broken clouds
71,Dolores,AR,2022-04-15 18:09:42,-36.3132,-57.6792,21.12,40,0,2.66,clear sky
72,Thompson,CA,2022-04-15 18:09:43,55.7435,-97.8558,-5.72,61,100,6.29,overcast clouds
73,Rohru,IN,2022-04-15 18:09:43,31.2167,77.75,12.35,69,91,2.22,overcast clouds
74,Ushuaia,AR,2022-04-15 18:09:43,-54.8,-68.3,10.39,77,91,1.31,overcast clouds
75,Andover,GB,2022-04-15 18:07:03,51.2083,-1.4825,19.03,82,17,2.7,few clouds
76,Marsaxlokk,MT,2022-04-15 18:09:44,35.8419,14.5431,15.04,94,20,7.72,light rain
77,Hofn,IS,2022-04-15 18:09:44,64.2539,-15.2082,7.45,95,69,1.68,broken clouds
78,Pandan,PH,2022-04-15 18:09:44,14.0453,124.1694,25.56,80,53,2.77,broken clouds
79,Arraial Do Cabo,BR,2022-04-15 18:09:45,-22.9661,-42.0278,24.92,57,40,6.69,scattered clouds
80,Quatre Cocos,MU,2022-04-15 18:09:45,-20.2078,57.7625,23.38,80,42,8.78,light rain
81,Comodoro Rivadavia,AR,2022-04-15 18:09:46,-45.8667,-67.5,20.92,35,0,10.29,clear sky
82,Dwarka,IN,2022-04-15 18:09:46,22.2394,68.9678,26.81,81,1,6.29,clear sky
83,Tura,IN,2022-04-15 18:09:46,25.5198,90.2201,24.09,91,2,5.3,clear sky
84,San Andres,CO,2022-04-15 18:09:47,12.5847,-81.7006,30.01,66,20,6.69,few clouds
85,Kodiak,US,2022-04-15 18:09:47,57.79,-152.4072,3.73,87,100,3.6,moderate rain
86,Acapulco,MX,2022-04-15 18:09:48,16.8634,-99.8901,28.9,74,75,5.14,broken clouds
87,Yellowknife,CA,2022-04-15 18:09:48,62.456,-114.3525,-8.02,48,100,4.47,overcast clouds
88,Ambanja,MG,2022-04-15 18:09:48,-13.6833,48.45,25.48,90,55,0.93,broken clouds
89,Waipawa,NZ,2022-04-15 18:09:48,-41.4122,175.5153,11.82,82,8,6.8,clear sky
90,Beringovskiy,RU,2022-04-15 18:09:49,63.05,179.3167,-0.84,98,100,9.81,snow
91,Ciudad Bolivar,VE,2022-04-15 18:09:49,8.1222,-63.5497,36.84,30,76,4.49,broken clouds
92,Mar Del Plata,AR,2022-04-15 18:04:52,-38.0023,-57.5575,20.01,78,0,7.15,clear sky
93,Requena,ES,2022-04-15 18:09:50,39.4883,-1.1004,18.07,53,8,2.47,clear sky
94,Caravelas,BR,2022-04-15 18:10:50,-17.7125,-39.2481,24.92,89,79,7.19,broken clouds
95,Saint George,US,2022-04-15 18:07:34,37.1041,-113.5841,21.35,17,0,0.89,clear sky
96,Whitianga,NZ,2022-04-15 18:10:51,-36.8333,175.7,15.95,86,76,1.73,broken clouds
97,Yulara,AU,2022-04-15 18:10:51,-25.2406,130.9889,23.78,32,38,3.66,scattered clouds
98,Dunhua,CN,2022-04-15 18:10:51,43.3725,128.2425,3.45,44,1,4.66,clear sky
99,Endicott,US,2022-04-15 18:09:34,42.0984,-76.0494,18.53,27,100,7.72,overcast clouds
100,Dingle,PH,2022-04-15 18:08:44,10.9995,122.6711,24.36,91,62,1.06,broken clouds
101,Northam,GB,2022-04-15 18:10:52,51.0333,-4.2167,12.01,91,89,1.1,overcast clouds
102,Souillac,MU,2022-04-15 18:10:52,-20.5167,57.5167,24.71,81,43,7.94,light rain
103,Petropavlovsk-Kamchatskiy,RU,2022-04-15 18:10:53,53.0452,158.6483,-5.68,79,16,3.79,few clouds
104,Sines,PT,2022-04-15 18:09:51,37.9562,-8.8698,19.05,73,36,2.24,scattered clouds
105,Puerto Ayora,EC,2022-04-15 18:10:53,-0.7393,-90.3518,26.98,80,75,5.06,broken clouds
106,Ucluelet,CA,2022-04-15 18:10:54,48.9329,-125.5528,8.38,78,5,1.34,clear sky
107,Hilo,US,2022-04-15 18:10:02,19.7297,-155.09,26.27,80,40,2.57,scattered clouds
108,Port Augusta,AU,2022-04-15 18:10:54,-32.5,137.7667,18.53,43,0,1.28,clear sky
109,Ust-Nera,RU,2022-04-15 18:08:46,64.5667,143.2,-14.46,98,100,1.6,overcast clouds
110,Esperance,AU,2022-04-15 18:10:55,-33.8667,121.9,16.15,75,1,5.74,clear sky
111,Necochea,AR,2022-04-15 18:10:55,-38.5473,-58.7368,19.7,45,0,5.07,clear sky
112,Merauke,ID,2022-04-15 18:10:55,-8.4667,140.3333,25.62,89,100,3.06,light rain
113,Morondava,MG,2022-04-15 18:10:56,-20.2833,44.2833,27.85,79,11,4.54,few clouds
114,Chuy,UY,2022-04-15 18:10:56,-33.6971,-53.4616,20.2,56,71,4.81,broken clouds
115,Camacha,PT,2022-04-15 18:10:57,33.0833,-16.3333,16.68,72,20,6.17,few clouds
116,Avarua,CK,2022-04-15 18:10:57,-21.2078,-159.775,23.03,100,4,0.51,clear sky
117,Moron,AR,2022-04-15 18:10:58,-34.6534,-58.6198,21.64,61,0,2.87,clear sky
118,Airai,TL,2022-04-15 18:07:35,-8.9266,125.4092,16.3,92,100,1.07,overcast clouds
119,Kudahuvadhoo,MV,2022-04-15 18:10:58,2.6708,72.8944,29.12,69,17,2.3,few clouds
120,Sayyan,YE,2022-04-15 18:10:58,15.1718,44.3244,17.66,48,2,1.38,clear sky
121,Narrabri,AU,2022-04-15 18:10:59,-30.3167,149.7833,13.62,77,58,0.49,broken clouds
122,Joshimath,IN,2022-04-15 18:10:59,30.5667,79.5667,12.24,54,91,3.15,overcast clouds
123,Zhigansk,RU,2022-04-15 18:11:00,66.7697,123.3711,-15.09,94,68,5.22,broken clouds
124,Bluff,NZ,2022-04-15 18:07:40,-46.6,168.3333,11.56,81,97,12.54,moderate rain
125,Shaoguan,CN,2022-04-15 18:11:00,24.8,113.5833,17.56,76,100,1.29,overcast clouds
126,Valparaiso,CL,2022-04-15 18:07:15,-33.0393,-71.6273,15.8,69,100,3.09,overcast clouds
127,Puerto Ayacucho,VE,2022-04-15 18:11:01,5.6639,-67.6236,27.63,73,100,2.33,overcast clouds
128,Kamenka,RU,2022-04-15 18:11:01,51.3223,42.7678,8.7,66,47,2.32,scattered clouds
129,Hithadhoo,MV,2022-04-15 18:07:36,-0.6,73.0833,28.59,66,43,1.2,scattered clouds
130,Mana,GF,2022-04-15 18:11:02,5.6592,-53.7767,28.21,69,99,4.61,overcast clouds
131,Ahipara,NZ,2022-04-15 18:11:02,-35.1667,173.1667,12.38,84,92,1.49,overcast clouds
132,Thunder Bay,CA,2022-04-15 18:11:03,48.4001,-89.3168,-0.95,73,100,1.34,overcast clouds
133,Cacule,BR,2022-04-15 18:11:03,-14.5033,-42.2222,30.66,48,80,1.54,broken clouds
134,Tautira,PF,2022-04-15 18:11:04,-17.7333,-149.15,27.18,72,13,7.32,few clouds
135,Piacabucu,BR,2022-04-15 18:11:04,-10.4056,-36.4344,30.35,64,90,7.37,overcast clouds
136,Khuzhir,RU,2022-04-15 18:12:04,53.1939,107.3397,1.37,83,100,2.77,overcast clouds
137,Frankenburg,AT,2022-04-15 18:12:05,48.0684,13.4907,13.69,47,57,2.55,broken clouds
138,Nuuk,GL,2022-04-15 18:11:07,64.1835,-51.7216,-5.66,63,75,13.86,broken clouds
139,Sungai Petani,MY,2022-04-15 18:12:05,5.647,100.4877,27.93,93,100,0.57,overcast clouds
140,Nokaneng,BW,2022-04-15 18:12:06,-19.6667,22.2667,25.79,45,79,2.69,broken clouds
141,Seminole,US,2022-04-15 18:12:06,28.7086,-81.2081,30.21,79,75,7.72,broken clouds
142,Victoria,HK,2022-04-15 18:12:06,22.2855,114.1577,23.43,78,59,8.05,broken clouds
143,Talaya,RU,2022-04-15 18:12:07,61.3833,152.75,-20.7,100,100,0.33,overcast clouds
144,Fairbanks,US,2022-04-15 18:10:48,64.8378,-147.7164,-1.1,42,0,4.63,clear sky
145,Lagoa,PT,2022-04-15 18:12:07,39.05,-27.9833,14.74,78,96,9.71,light rain
146,Severo-Kurilsk,RU,2022-04-15 18:12:08,50.6789,156.125,-3.25,79,22,3.13,few clouds
147,Jamestown,US,2022-04-15 18:12:09,42.097,-79.2353,11.7,38,100,4.63,overcast clouds
148,Port Alfred,ZA,2022-04-15 18:12:09,-33.5906,26.891,13.43,87,93,0.89,overcast clouds
149,Haines Junction,CA,2022-04-15 18:12:09,60.7522,-137.5108,-2.03,43,15,1.54,few clouds
150,Leshukonskoye,RU,2022-04-15 18:12:10,64.8989,45.7622,-7.12,94,44,1.88,scattered clouds
151,Geraldton,AU,2022-04-15 18:12:10,-28.7667,114.6,17.23,94,75,0.0,broken clouds
152,Allapalli,IN,2022-04-15 18:12:11,19.4167,80.0667,33.22,33,97,1.7,overcast clouds
153,Ayagoz,KZ,2022-04-15 18:12:11,47.9714,80.4392,7.0,27,0,3.37,clear sky
154,Port Lincoln,AU,2022-04-15 18:12:12,-34.7333,135.8667,18.79,82,0,4.45,clear sky
155,Tres Arroyos,AR,2022-04-15 18:08:30,-38.3739,-60.2798,19.97,39,0,6.38,clear sky
156,Eureka,US,2022-04-15 18:12:12,40.8021,-124.1637,10.67,65,95,2.53,overcast clouds
157,Batemans Bay,AU,2022-04-15 18:12:13,-35.7167,150.1833,16.72,82,100,1.63,overcast clouds
158,New Norfolk,AU,2022-04-15 18:12:13,-42.7826,147.0587,11.72,65,63,0.93,broken clouds
159,Batagay-Alyta,RU,2022-04-15 18:12:14,67.8006,130.4114,-22.04,99,26,2.78,scattered clouds
160,Aklavik,CA,2022-04-15 18:12:14,68.2191,-135.0107,-19.19,92,98,0.79,overcast clouds
161,Vila Velha,BR,2022-04-15 18:12:15,-20.3297,-40.2925,26.97,70,0,8.75,clear sky
162,Labuan,MY,2022-04-15 18:12:15,5.2767,115.2417,26.98,76,33,1.87,scattered clouds
163,Tasiilaq,GL,2022-04-15 18:12:15,65.6145,-37.6368,2.09,95,100,5.62,overcast clouds
164,Pingyi,CN,2022-04-15 18:12:16,35.5006,117.6308,8.29,28,100,1.63,overcast clouds
165,Elko,US,2022-04-15 18:12:16,41.0002,-115.5012,7.81,49,99,7.15,overcast clouds
166,Riviere-Au-Renard,CA,2022-04-15 18:12:17,48.9957,-64.3971,4.16,99,100,4.57,overcast clouds
167,Palmer,US,2022-04-15 18:12:17,42.1584,-72.3287,19.36,19,20,7.2,few clouds
168,Clyde River,CA,2022-04-15 18:12:18,70.4692,-68.5914,-16.87,71,0,3.09,clear sky
169,Pangody,RU,2022-04-15 18:12:18,65.85,74.4859,-4.29,93,100,2.9,overcast clouds
170,Khatanga,RU,2022-04-15 18:12:19,71.9667,102.5,-9.41,84,100,7.13,overcast clouds
171,Westport,US,2022-04-15 18:08:20,41.1415,-73.3579,21.27,24,0,6.17,clear sky
172,Lavrentiya,RU,2022-04-15 18:12:19,65.5833,-171.0,-1.89,89,99,7.5,light snow
173,Moose Jaw,CA,2022-04-15 18:12:20,50.4001,-105.5344,-7.12,76,100,4.18,overcast clouds
174,Husavik,IS,2022-04-15 18:12:20,66.0449,-17.3389,7.64,75,100,6.56,overcast clouds
175,Rocha,UY,2022-04-15 18:12:20,-34.4833,-54.3333,19.96,57,87,4.0,overcast clouds
176,Prado,BR,2022-04-15 18:12:21,-17.3411,-39.2208,25.46,91,64,7.56,moderate rain
177,Nikolskoye,RU,2022-04-15 18:09:56,59.7035,30.7861,4.84,96,99,3.75,overcast clouds
178,Beloha,MG,2022-04-15 18:12:21,-25.1667,45.05,25.97,70,99,2.11,overcast clouds
179,Dharur,IN,2022-04-15 18:12:22,18.8167,76.1167,31.52,15,85,1.05,overcast clouds
180,Mahebourg,MU,2022-04-15 18:12:22,-20.4081,57.7,24.16,94,75,4.12,broken clouds
181,Pangnirtung,CA,2022-04-15 18:09:55,66.1451,-65.7125,-14.81,83,14,0.76,few clouds
182,La Trinitaria,MX,2022-04-15 18:13:23,16.1167,-92.05,29.8,30,38,2.23,scattered clouds
183,Talnakh,RU,2022-04-15 18:13:23,69.4865,88.3972,-0.08,92,100,6.14,light snow
184,Mersing,MY,2022-04-15 18:13:24,2.4312,103.8405,25.77,88,82,1.46,broken clouds
185,East London,ZA,2022-04-15 18:13:24,-33.0153,27.9116,15.52,94,100,3.6,light rain
186,Komsomolskiy,UZ,2022-04-15 18:13:24,40.4272,71.7189,22.39,17,0,1.68,clear sky
187,Berlevag,NO,2022-04-15 18:13:25,70.8578,29.0864,0.89,98,94,9.74,snow
188,Juegang,CN,2022-04-15 18:13:25,32.3174,121.1855,12.17,68,100,4.46,overcast clouds
189,Binabalian,PH,2022-04-15 18:13:26,16.4202,119.9279,27.64,70,64,4.33,broken clouds
190,Keetmanshoop,NA,2022-04-15 18:13:26,-26.5833,18.1333,20.94,23,29,3.67,scattered clouds
191,Bonfim,BR,2022-04-15 18:13:27,3.0833,-59.95,26.38,71,100,3.95,overcast clouds
192,Flinders,AU,2022-04-15 18:13:27,-34.5833,150.8552,15.03,87,100,1.34,overcast clouds
193,San Patricio,US,2022-04-15 18:13:28,28.017,-97.5169,26.97,65,100,5.77,overcast clouds
194,Honiara,SB,2022-04-15 18:13:28,-9.4333,159.95,25.16,88,100,0.8,overcast clouds
195,Cabo San Lucas,MX,2022-04-15 18:10:06,22.8909,-109.9124,29.78,41,20,4.63,few clouds
196,Kapit,MY,2022-04-15 18:13:29,2.0167,112.9333,22.97,99,99,0.15,overcast clouds
197,Constitucion,CL,2022-04-15 18:13:29,-35.3333,-72.4167,16.3,63,55,2.41,broken clouds
198,Torbay,CA,2022-04-15 18:13:29,47.6666,-52.7314,5.71,65,40,5.14,scattered clouds
199,Tiksi,RU,2022-04-15 18:13:30,71.6872,128.8694,-21.02,100,100,2.14,overcast clouds
200,Yanaul,RU,2022-04-15 18:13:30,56.2719,54.9309,3.8,98,100,3.07,overcast clouds
201,Rapid Valley,US,2022-04-15 18:13:31,44.0625,-103.1463,-0.69,51,100,7.72,overcast clouds
202,Suez,EG,2022-04-15 18:13:31,29.9737,32.5263,18.78,50,27,6.02,scattered clouds
203,Mitsamiouli,KM,2022-04-15 18:13:32,-11.3847,43.2844,28.28,79,15,4.11,light rain
204,Sitka,US,2022-04-15 18:13:32,57.0531,-135.33,3.94,45,0,0.0,clear sky
205,Bikaner,IN,2022-04-15 18:10:51,28.0167,73.3,30.65,6,0,2.99,clear sky
206,Isfana,KG,2022-04-15 18:13:33,39.8386,69.5306,13.31,46,56,0.95,broken clouds
207,Pachperwa,IN,2022-04-15 18:13:33,27.5167,82.65,29.53,11,0,3.43,clear sky
208,Muscat,OM,2022-04-15 18:09:37,23.6139,58.5922,34.01,32,56,3.21,broken clouds
209,Caloundra,AU,2022-04-15 18:13:34,-26.8,153.1333,18.27,87,58,5.19,broken clouds
210,Mairana,BO,2022-04-15 18:13:35,-18.1167,-63.9333,19.89,52,22,2.83,few clouds
211,Mount Gambier,AU,2022-04-15 18:13:36,-37.8333,140.7667,15.95,94,100,2.57,overcast clouds
212,Urumqi,CN,2022-04-15 18:13:38,43.801,87.6005,4.53,19,0,2.0,clear sky
213,Shihezi,CN,2022-04-15 18:13:38,44.3,86.0333,8.23,14,0,2.22,clear sky
214,Chambersburg,US,2022-04-15 18:12:59,39.9376,-77.6611,21.14,26,1,5.81,clear sky
215,Prince Albert,CA,2022-04-15 18:12:20,53.2001,-105.7677,-5.04,60,100,3.19,overcast clouds
216,Kununurra,AU,2022-04-15 18:13:39,-15.7667,128.7333,24.99,94,44,0.0,scattered clouds
217,Lexington,US,2022-04-15 18:12:37,37.9887,-84.4777,21.27,22,0,8.23,clear sky
218,Bethel,US,2022-04-15 18:13:40,41.3712,-73.414,20.02,24,0,4.47,clear sky
219,Altyn-Topkan,TJ,2022-04-15 18:13:40,40.6528,69.5998,13.26,32,48,1.7,scattered clouds
220,Tuktoyaktuk,CA,2022-04-15 18:13:40,69.4541,-133.0374,-24.0,77,20,1.03,mist
221,Pouembout,NC,2022-04-15 18:13:41,-21.1333,164.9,21.86,93,90,0.88,overcast clouds
222,Lebu,CL,2022-04-15 18:13:41,-37.6167,-73.65,15.25,69,56,4.38,broken clouds
223,Norman Wells,CA,2022-04-15 18:13:42,65.282,-126.8329,-13.98,56,40,6.69,scattered clouds
224,Manokwari,ID,2022-04-15 18:13:42,-0.8667,134.0833,25.8,77,98,1.11,overcast clouds
225,Port Macquarie,AU,2022-04-15 18:12:02,-31.4333,152.9167,14.38,79,47,2.39,scattered clouds
226,Marau,BR,2022-04-15 18:13:43,-28.4492,-52.2,18.12,51,0,2.74,clear sky
227,Businga,CD,2022-04-15 18:13:43,3.3333,20.8833,22.34,90,94,0.9,overcast clouds
228,Puro,PH,2022-04-15 18:13:44,12.4841,123.3827,26.24,81,26,2.11,scattered clouds
229,Pitimbu,BR,2022-04-15 18:13:44,-7.4706,-34.8086,28.88,66,28,3.42,scattered clouds
230,Kailua,US,2022-04-15 18:14:44,21.4022,-157.7394,25.99,72,62,2.24,broken clouds
231,Hualmay,PE,2022-04-15 18:14:45,-11.0964,-77.6139,22.48,70,30,5.78,scattered clouds
232,Tyumentsevo,RU,2022-04-15 18:14:45,53.3224,81.498,9.95,49,0,2.91,clear sky
233,Naron,ES,2022-04-15 18:10:31,43.5167,-8.1528,18.71,78,3,0.91,clear sky
234,Lagunas,PE,2022-04-15 18:14:46,-5.2269,-75.6753,24.68,89,100,0.72,overcast clouds
235,Soyo,AO,2022-04-15 18:14:46,-6.1349,12.3689,24.69,93,100,4.18,moderate rain
236,Sisimiut,GL,2022-04-15 18:14:47,66.9395,-53.6735,-8.44,64,13,5.61,few clouds
237,Sao Joao Do Piaui,BR,2022-04-15 18:14:47,-8.3581,-42.2467,32.08,46,69,2.71,broken clouds
238,La Ronge,CA,2022-04-15 18:14:48,55.1001,-105.2842,-4.88,33,75,2.06,broken clouds
239,Viransehir,TR,2022-04-15 18:14:48,37.2353,39.7631,14.1,45,94,3.39,overcast clouds
240,Grindavik,IS,2022-04-15 18:14:49,63.8424,-22.4338,8.97,100,100,15.43,mist
241,Bambous Virieux,MU,2022-04-15 18:14:49,-20.3428,57.7575,24.14,94,75,4.12,light rain
242,Guerrero Negro,MX,2022-04-15 18:11:09,27.9769,-114.0611,18.41,59,100,6.86,overcast clouds
243,Bandarbeyla,SO,2022-04-15 18:14:49,9.4942,50.8122,28.06,82,88,5.02,overcast clouds
244,Bellavista,PE,2022-04-15 18:14:50,-7.0561,-76.5911,30.71,66,75,2.06,broken clouds
245,Araguari,BR,2022-04-15 18:13:19,-18.6472,-48.1872,27.12,48,24,3.63,few clouds
246,Rawson,AR,2022-04-15 18:12:53,-43.3002,-65.1023,25.96,23,0,4.07,clear sky
247,Tessalit,ML,2022-04-15 18:14:50,20.1986,1.0114,30.28,10,10,6.42,clear sky
248,Watertown,US,2022-04-15 18:13:57,42.3709,-71.1828,20.03,21,0,7.2,clear sky
249,Vardo,NO,2022-04-15 18:14:51,70.3705,31.1107,0.79,82,70,5.19,light snow
250,Sao Joao Da Barra,BR,2022-04-15 18:14:51,-21.6403,-41.0511,25.05,58,89,10.86,overcast clouds
251,Umm Lajj,SA,2022-04-15 18:14:52,25.0213,37.2685,25.12,57,0,2.74,clear sky
252,Lethem,GY,2022-04-15 18:14:52,3.3803,-59.7968,26.76,71,100,4.54,overcast clouds
253,Nouadhibou,MR,2022-04-15 18:14:53,20.931,-17.0347,18.99,77,0,8.75,clear sky
254,Mount Isa,AU,2022-04-15 18:14:53,-20.7333,139.5,20.87,46,39,0.0,light rain
255,Menomonie,US,2022-04-15 18:14:54,44.8755,-91.9193,-0.24,36,89,7.91,overcast clouds
256,Los Llanos De Aridane,ES,2022-04-15 18:14:54,28.6585,-17.9182,18.96,79,0,6.69,clear sky
257,Wajima,JP,2022-04-15 18:14:54,37.4,136.9,9.1,87,100,8.82,overcast clouds
258,Chengde,CN,2022-04-15 18:14:55,40.9725,117.9361,7.36,18,0,1.71,clear sky
259,Birao,CF,2022-04-15 18:14:55,10.2849,22.7882,32.04,11,96,2.25,overcast clouds
260,Lovozero,RU,2022-04-15 18:14:56,68.005,35.0117,-6.21,91,55,3.13,broken clouds
261,Nome,US,2022-04-15 18:14:56,64.5011,-165.4064,2.28,69,100,9.77,overcast clouds
262,Asosa,ET,2022-04-15 18:14:57,10.0667,34.5333,17.24,82,100,1.75,overcast clouds
263,Vidim,RU,2022-04-15 18:14:57,56.4088,103.1106,-0.83,96,100,0.76,overcast clouds
264,Korla,CN,2022-04-15 18:14:57,41.7597,86.1469,11.49,12,0,3.08,clear sky
265,Kutum,SD,2022-04-15 18:14:58,14.2,24.6667,27.76,7,65,4.78,broken clouds
266,Qandala,SO,2022-04-15 18:11:17,11.472,49.8728,30.46,59,63,4.27,broken clouds
267,Kupang,ID,2022-04-15 18:11:13,-10.1667,123.5833,26.18,82,88,2.89,overcast clouds
268,Hervey Bay,AU,2022-04-15 18:14:59,-25.2986,152.8535,20.65,71,84,6.15,broken clouds
269,Ladan,UA,2022-04-15 18:12:19,50.5196,32.5818,11.75,64,98,4.82,overcast clouds
270,Hambantota,LK,2022-04-15 18:14:59,6.1241,81.1185,27.57,80,17,3.32,few clouds
271,Saskylakh,RU,2022-04-15 18:12:14,71.9167,114.0833,-28.71,100,55,2.2,broken clouds
272,Petropavlovka,RU,2022-04-15 18:12:14,50.6114,105.3196,3.08,53,23,1.39,few clouds
273,Chokurdakh,RU,2022-04-15 18:15:00,70.6333,147.9167,-14.64,97,100,1.45,overcast clouds
274,Longyearbyen,SJ,2022-04-15 18:15:00,78.2186,15.6401,-1.09,69,75,3.09,broken clouds
275,Porto Novo,BJ,2022-04-15 18:16:00,6.4965,2.6036,28.25,75,19,4.24,few clouds
276,Broken Hill,AU,2022-04-15 18:16:01,-31.95,141.4333,18.46,40,4,3.06,clear sky
277,Susanville,US,2022-04-15 18:11:40,40.4163,-120.653,9.39,55,61,4.47,broken clouds
278,Riyadh,SA,2022-04-15 18:16:01,24.6877,46.7219,30.08,27,100,5.83,overcast clouds
279,Shitanjing,CN,2022-04-15 18:16:03,39.2342,106.3439,3.73,78,91,6.6,overcast clouds
280,Aksarka,RU,2022-04-15 18:15:00,66.5606,67.7975,-8.99,92,100,2.04,overcast clouds
281,Guiratinga,BR,2022-04-15 18:16:03,-16.3494,-53.7583,26.84,68,63,2.3,broken clouds
282,Dalby,AU,2022-04-15 18:16:03,-27.1833,151.2667,12.21,95,2,3.38,clear sky
283,Sungaipenuh,ID,2022-04-15 18:16:04,-2.0833,101.3833,19.08,97,100,0.39,overcast clouds
284,Shelburne,CA,2022-04-15 18:16:04,44.0787,-80.2041,12.25,44,62,12.14,broken clouds
285,Emmett,US,2022-04-15 18:16:05,43.8735,-116.4993,9.45,50,36,3.27,scattered clouds
286,Uray,RU,2022-04-15 18:16:05,60.1247,64.7758,4.63,100,100,1.06,overcast clouds
287,Maceio,BR,2022-04-15 18:16:05,-9.6658,-35.7353,31.69,62,20,5.66,few clouds
288,Wanning,CN,2022-04-15 18:16:06,18.8003,110.3967,24.63,92,27,4.12,scattered clouds
289,Tutoia,BR,2022-04-15 18:16:06,-2.7619,-42.2744,28.49,75,67,4.31,broken clouds
290,Mwinilunga,ZM,2022-04-15 18:16:07,-11.7358,24.4293,18.27,91,81,0.99,light rain
291,Aquiraz,BR,2022-04-15 18:12:02,-3.9014,-38.3911,31.05,68,58,3.16,broken clouds
292,Roald,NO,2022-04-15 18:16:08,62.5833,6.1333,10.18,87,20,5.14,few clouds
293,Sao Filipe,CV,2022-04-15 18:16:08,14.8961,-24.4956,21.43,78,5,3.4,clear sky
294,Ranong,TH,2022-04-15 18:16:08,9.9658,98.6348,26.31,81,4,1.96,clear sky
295,Asau,RO,2022-04-15 18:16:09,46.4333,26.4,14.6,59,33,2.75,scattered clouds
296,Muscle Shoals,US,2022-04-15 18:14:24,34.7448,-87.6675,24.17,23,81,3.13,broken clouds
297,Castro,BR,2022-04-15 18:16:09,-24.7911,-50.0119,19.36,44,0,2.59,clear sky
298,Itumbiara,BR,2022-04-15 18:16:10,-18.4192,-49.2153,28.57,54,48,2.24,scattered clouds
299,Keita,NE,2022-04-15 18:16:10,14.7551,5.7749,35.09,23,100,4.95,overcast clouds
300,Provideniya,RU,2022-04-15 18:16:10,64.3833,-173.3,-0.6,95,100,8.83,snow
301,Koster,ZA,2022-04-15 18:16:11,-25.863,26.8976,17.33,48,13,2.42,few clouds
302,Seoul,KR,2022-04-15 18:16:03,37.5683,126.9778,9.69,75,0,1.54,clear sky
303,Qui Nhon,VN,2022-04-15 18:16:11,13.7667,109.2333,25.26,93,32,1.8,scattered clouds
304,Bulancak,TR,2022-04-15 18:16:12,40.9372,38.2291,6.9,87,0,1.03,clear sky
305,Kruisfontein,ZA,2022-04-15 18:16:12,-34.0033,24.7314,14.38,56,99,3.07,overcast clouds
306,Makubetsu,JP,2022-04-15 18:16:12,45.3714,141.8211,0.98,68,1,2.04,clear sky
307,Ankazobe,MG,2022-04-15 18:16:13,-18.3167,47.1167,17.63,91,8,2.85,clear sky
308,Alur,IN,2022-04-15 18:16:13,12.9833,75.9833,21.07,86,27,5.25,scattered clouds
309,Neuquen,AR,2022-04-15 18:16:14,-38.9516,-68.0591,25.78,17,1,2.76,clear sky
310,Prieska,ZA,2022-04-15 18:16:14,-29.6641,22.7474,16.91,57,89,9.06,overcast clouds
311,Bucerias,MX,2022-04-15 18:16:14,20.75,-105.3333,25.99,65,75,3.09,broken clouds
312,Glazov,RU,2022-04-15 18:16:15,58.1394,52.6584,0.71,97,100,3.75,light snow
313,Ucar,AZ,2022-04-15 18:16:15,40.519,47.6542,14.98,49,2,4.72,clear sky
314,Te Anau,NZ,2022-04-15 18:12:26,-45.4167,167.7167,12.4,92,86,4.21,light rain
315,Asyut,EG,2022-04-15 18:16:16,27.181,31.1837,26.47,12,1,5.09,clear sky
316,Bairiki,KI,2022-04-15 18:16:16,1.3292,172.9752,26.0,83,40,2.06,scattered clouds
317,Minot,US,2022-04-15 18:16:16,48.2325,-101.2963,-6.88,68,40,9.77,scattered clouds
318,Springbok,ZA,2022-04-15 18:16:17,-29.6643,17.8865,15.59,33,0,4.07,clear sky
319,Nisia Floresta,BR,2022-04-15 18:16:17,-6.0911,-35.2086,31.45,59,51,4.69,broken clouds
320,Mandera,KE,2022-04-15 18:16:18,3.9366,41.867,27.49,58,100,5.76,overcast clouds
321,Dikson,RU,2022-04-15 18:14:59,73.5069,80.5464,-6.78,95,100,5.51,light snow
322,Bubaque,GW,2022-04-15 18:16:18,11.2833,-15.8333,23.64,75,6,7.93,clear sky
323,Klaksvik,FO,2022-04-15 18:17:19,62.2266,-6.589,10.51,97,100,6.64,overcast clouds
324,Naila,DE,2022-04-15 18:17:19,50.3167,11.7,9.23,81,75,3.58,broken clouds
325,Kumluca,TR,2022-04-15 18:17:19,36.3703,30.2869,17.71,54,0,2.52,clear sky
326,Portland,US,2022-04-15 18:13:23,45.5234,-122.6762,8.95,81,40,2.57,scattered clouds
327,Bilibino,RU,2022-04-15 18:17:20,68.0546,166.4372,-14.03,93,52,1.93,broken clouds
328,Vryburg,ZA,2022-04-15 18:17:20,-26.9566,24.7284,17.69,70,63,2.79,moderate rain
329,Sorland,NO,2022-04-15 18:17:21,67.667,12.6934,3.9,65,99,5.93,overcast clouds
330,Hauzenberg,DE,2022-04-15 18:17:21,48.65,13.6333,12.73,69,59,3.17,broken clouds
331,Octeville,FR,2022-04-15 18:17:22,49.6261,-1.6435,15.27,67,0,1.54,clear sky
332,Salalah,OM,2022-04-15 18:16:04,17.0151,54.0924,27.05,89,75,2.57,broken clouds
333,Kitami,JP,2022-04-15 18:17:22,43.8031,143.8908,-1.6,78,92,0.31,overcast clouds
334,Ponta Do Sol,PT,2022-04-15 18:16:26,32.6667,-17.1,20.95,71,64,2.05,broken clouds
335,Atar,MR,2022-04-15 18:17:23,20.5169,-13.0499,35.18,6,0,4.45,clear sky
336,Arlit,NE,2022-04-15 18:17:23,18.7369,7.3853,34.43,7,39,5.57,scattered clouds
337,Ancud,CL,2022-04-15 18:17:24,-41.8697,-73.8203,15.13,78,65,1.63,broken clouds
338,Jiangyou,CN,2022-04-15 18:17:24,31.7667,104.7167,10.19,88,100,1.65,overcast clouds
339,Nurota,UZ,2022-04-15 18:17:24,40.5614,65.6886,21.16,29,66,3.92,broken clouds
340,Paita,PE,2022-04-15 18:17:25,-5.0892,-81.1144,24.14,67,43,7.38,scattered clouds
341,Puerto Varas,CL,2022-04-15 18:17:25,-41.3195,-72.9854,13.46,79,83,1.14,broken clouds
342,Si Racha,TH,2022-04-15 18:17:26,13.1737,100.9311,29.68,70,0,5.39,clear sky
343,Mangrol,IN,2022-04-15 18:17:26,21.1167,70.1167,26.78,74,0,3.41,clear sky
344,Saint-Pierre,RE,2022-04-15 18:17:27,-21.3393,55.4781,24.95,78,0,2.57,clear sky
345,Kucevo,RS,2022-04-15 18:17:27,44.4775,21.67,14.4,57,63,0.79,broken clouds
346,Pisco,PE,2022-04-15 18:17:27,-13.7,-76.2167,22.03,68,0,7.72,clear sky
347,Porto De Moz,BR,2022-04-15 18:17:28,-1.7483,-52.2383,27.65,84,87,2.26,overcast clouds
348,Oranjemund,NA,2022-04-15 18:14:58,-28.55,16.4333,13.85,82,0,9.48,clear sky
349,Mackenzie,CA,2022-04-15 18:17:28,55.2999,-123.1698,-0.88,43,75,4.63,broken clouds
350,Kaka,TM,2022-04-15 18:17:29,37.3482,59.6143,18.53,42,100,4.25,overcast clouds
351,Benghazi,LY,2022-04-15 18:17:29,32.1167,20.0667,24.41,25,71,18.36,broken clouds
352,Eyl,SO,2022-04-15 18:17:29,7.9803,49.8164,27.88,80,75,5.05,broken clouds
353,Balkanabat,TM,2022-04-15 18:17:30,39.5108,54.3671,14.65,47,99,5.18,overcast clouds
354,Port Blair,IN,2022-04-15 18:17:30,11.6667,92.75,26.02,94,20,1.03,mist
355,Flin Flon,CA,2022-04-15 18:17:31,54.7682,-101.865,-6.09,38,100,3.09,overcast clouds
356,Kavieng,PG,2022-04-15 18:17:31,-2.5744,150.7967,27.1,82,73,3.91,light rain
357,Grand-Bourg,GP,2022-04-15 18:17:32,15.8835,-61.3148,29.97,74,4,7.22,clear sky
358,Calahorra,ES,2022-04-15 18:17:32,42.3051,-1.9652,23.95,56,0,4.51,clear sky
359,Anyang,CN,2022-04-15 18:17:32,36.0994,114.3289,9.28,27,100,0.86,overcast clouds
360,Ayan,RU,2022-04-15 18:17:33,56.45,138.1667,-6.3,92,58,4.09,broken clouds
361,Saint Anthony,US,2022-04-15 18:17:33,45.0205,-93.218,0.44,50,20,10.29,few clouds
362,Rio Hato,PA,2022-04-15 18:16:31,8.3833,-80.1667,32.3,62,75,4.12,broken clouds
363,Vestmanna,FO,2022-04-15 18:17:34,62.1564,-7.1664,9.51,87,100,6.69,overcast clouds
364,Shache,CN,2022-04-15 18:17:34,38.4167,77.2406,21.51,20,10,2.32,clear sky
365,Yar-Sale,RU,2022-04-15 18:17:35,66.8333,70.8333,-7.92,89,98,2.7,overcast clouds
366,Harper,LR,2022-04-15 18:17:35,4.375,-7.7169,27.55,80,100,3.02,overcast clouds
367,Asfi,MA,2022-04-15 18:17:35,32.2994,-9.2372,21.01,60,4,11.88,clear sky
368,Cap Malheureux,MU,2022-04-15 18:17:36,-19.9842,57.6142,23.59,86,10,2.24,clear sky
369,Burley,US,2022-04-15 18:17:36,42.5357,-113.7928,3.98,67,75,5.81,broken clouds
370,Flagstaff,US,2022-04-15 18:16:42,35.1981,-111.6513,15.81,18,0,8.75,clear sky
371,Myitkyina,MM,2022-04-15 18:18:37,25.3833,97.4,22.23,74,32,1.45,scattered clouds
372,Dharchula,IN,2022-04-15 18:17:16,29.85,80.5333,16.45,32,35,3.27,scattered clouds
373,Saint-Philippe,RE,2022-04-15 18:18:37,-21.3585,55.7679,24.77,84,49,6.79,light rain
374,Ostrovnoy,RU,2022-04-15 18:18:37,68.0531,39.5131,-4.84,95,84,2.61,broken clouds
375,Inhambane,MZ,2022-04-15 18:15:26,-23.865,35.3833,25.9,88,87,3.26,light rain
376,Vanimo,PG,2022-04-15 18:18:38,-2.6741,141.3028,25.46,88,88,1.64,overcast clouds
377,Zverinogolovskoye,RU,2022-04-15 18:18:39,54.4586,64.8542,13.61,58,73,4.3,broken clouds
378,Mackay,AU,2022-04-15 18:15:14,-21.15,149.2,20.38,69,2,5.15,clear sky
379,Nemuro,JP,2022-04-15 18:18:39,43.3236,145.575,0.87,93,100,7.56,light snow
380,Metu,ET,2022-04-15 18:18:39,8.3,35.5833,15.43,96,100,0.33,light rain
381,Kabinda,CD,2022-04-15 18:18:40,-6.1333,24.4833,20.05,96,92,1.71,overcast clouds
382,Alekseyevsk,RU,2022-04-15 18:18:40,57.8406,108.3492,-2.55,95,100,0.75,overcast clouds
383,Namatanai,PG,2022-04-15 18:18:41,-3.6667,152.4333,26.13,83,74,2.92,light rain
384,Kaeo,NZ,2022-04-15 18:18:41,-35.1,173.7833,12.0,84,100,1.69,overcast clouds
385,Bac Lieu,VN,2022-04-15 18:18:41,9.285,105.7244,27.99,79,92,2.82,overcast clouds
386,Chapais,CA,2022-04-15 18:18:42,49.7834,-74.8492,3.88,53,93,6.33,overcast clouds
387,Goderich,CA,2022-04-15 18:15:15,43.7501,-81.7165,8.84,46,84,9.77,broken clouds
388,Praia Da Vitoria,PT,2022-04-15 18:18:42,38.7333,-27.0667,20.14,64,40,5.35,scattered clouds
389,The Valley,AI,2022-04-15 18:18:43,18.217,-63.0578,27.92,69,20,8.23,few clouds
390,Matagami,CA,2022-04-15 18:17:35,49.7502,-77.6328,3.06,65,40,9.26,scattered clouds
391,Manadhoo,MV,2022-04-15 18:18:43,5.7667,73.3833,29.22,72,23,4.03,few clouds
392,Luangwa,ZM,2022-04-15 18:18:44,-15.6167,30.4167,25.26,70,94,0.84,overcast clouds
393,Acarau,BR,2022-04-15 18:18:45,-2.8856,-40.12,29.02,70,79,4.25,broken clouds
394,Ronda,ES,2022-04-15 18:18:45,36.7423,-5.1671,15.86,74,16,2.17,few clouds
395,Tuatapere,NZ,2022-04-15 18:18:46,-46.1333,167.6833,12.17,92,95,6.18,moderate rain
396,Baiquan,CN,2022-04-15 18:18:46,47.5833,126.0833,5.62,44,30,4.46,scattered clouds
397,Itarema,BR,2022-04-15 18:18:46,-2.9248,-39.9167,29.07,69,79,3.88,broken clouds
398,Havelock,US,2022-04-15 18:18:47,34.8791,-76.9013,23.9,34,0,6.69,clear sky
399,Marawi,PH,2022-04-15 18:18:47,7.9986,124.2928,19.97,93,80,0.53,broken clouds
400,Cooma,AU,2022-04-15 18:18:48,-36.2333,149.1333,6.87,100,100,0.0,overcast clouds
401,Jaque,PA,2022-04-15 18:18:48,7.5175,-78.1703,28.64,78,100,1.76,moderate rain
402,Grand Gaube,MU,2022-04-15 18:17:29,-20.0064,57.6608,24.22,86,12,2.24,few clouds
403,Half Moon Bay,US,2022-04-15 18:18:49,37.4636,-122.4286,18.58,69,0,3.6,clear sky
404,Luwuk,ID,2022-04-15 18:18:49,-0.9516,122.7875,25.55,85,98,1.05,overcast clouds
405,Dunedin,NZ,2022-04-15 18:16:33,-45.8742,170.5036,18.22,41,100,0.89,overcast clouds
406,Emerald,AU,2022-04-15 18:18:50,-23.5333,148.1667,16.3,65,0,1.93,clear sky
407,Gondar,ET,2022-04-15 18:18:51,12.6,37.4667,21.2,41,88,4.39,overcast clouds
408,Padre Paraiso,BR,2022-04-15 18:18:51,-17.0742,-41.4844,26.01,78,35,2.06,scattered clouds
409,Sangar,RU,2022-04-15 18:18:52,63.9242,127.4739,-14.39,93,97,0.67,overcast clouds
410,Kelvington,CA,2022-04-15 18:18:52,52.1667,-103.5343,-7.89,77,100,4.95,overcast clouds
411,Dulce Nombre De Culmi,HN,2022-04-15 18:18:53,15.1,-85.5333,35.13,34,54,2.76,broken clouds
412,Sistranda,NO,2022-04-15 18:18:53,63.7256,8.834,8.98,75,96,3.72,overcast clouds
413,Basco,PH,2022-04-15 18:18:54,20.4487,121.9702,24.67,77,69,10.88,broken clouds
414,Rio Cuarto,AR,2022-04-15 18:19:54,-33.1307,-64.3499,23.6,31,0,9.26,clear sky
415,Katangli,RU,2022-04-15 18:19:55,51.7102,143.2326,-6.71,88,23,2.79,few clouds
416,Hermiston,US,2022-04-15 18:19:55,45.8404,-119.2895,9.7,56,20,4.12,few clouds
417,Shambu,ET,2022-04-15 18:19:55,9.5667,37.1,14.47,68,99,0.44,light rain
418,Berbera,SO,2022-04-15 18:19:56,10.4396,45.0143,29.17,76,86,1.67,overcast clouds
419,Sydney,AU,2022-04-15 18:19:07,-33.8679,151.2073,17.42,89,0,3.09,clear sky
420,Sao Jose Da Coroa Grande,BR,2022-04-15 18:19:56,-8.8978,-35.1478,29.1,65,62,5.32,broken clouds
421,Khor,RU,2022-04-15 18:19:57,47.8861,134.9464,4.5,47,94,5.09,overcast clouds
422,Peleduy,RU,2022-04-15 18:19:57,59.6289,112.7406,-13.46,98,88,0.62,overcast clouds
423,Dubbo,AU,2022-04-15 18:19:58,-32.25,148.6167,12.07,87,84,4.63,broken clouds
424,Jawhar,SO,2022-04-15 18:19:58,2.7809,45.5005,27.0,75,68,5.62,broken clouds
425,Saharsa,IN,2022-04-15 18:19:59,25.8833,86.6,31.11,12,32,3.84,scattered clouds
426,Tishchenskoye,RU,2022-04-15 18:19:59,45.4606,41.6738,10.23,82,94,3.02,overcast clouds
427,Mahon,ES,2022-04-15 18:19:59,39.8885,4.2658,14.31,82,20,4.63,few clouds
428,Sverdlovskiy,RU,2022-04-15 18:20:00,55.9108,38.1536,8.78,94,100,1.83,light rain
429,Slave Lake,CA,2022-04-15 18:20:00,55.2834,-114.769,-0.01,40,20,2.06,few clouds
430,Lorengau,PG,2022-04-15 18:20:01,-2.0226,147.2712,27.29,78,54,2.01,broken clouds
431,Bengkulu,ID,2022-04-15 18:16:04,-3.8004,102.2655,25.36,88,100,1.77,overcast clouds
432,Jalu,LY,2022-04-15 18:20:02,29.0331,21.5482,31.05,10,88,10.16,overcast clouds
433,Dawlatabad,AF,2022-04-15 18:20:02,36.4141,64.9053,23.76,19,16,0.6,few clouds
434,Iqaluit,CA,2022-04-15 18:20:03,63.7506,-68.5145,-12.15,60,20,6.71,few clouds
435,Latung,PH,2022-04-15 18:20:03,5.5,120.8833,27.68,78,73,2.9,broken clouds
436,Zhanaozen,KZ,2022-04-15 18:19:03,43.3,52.8,15.5,34,69,6.45,broken clouds
437,Banda Aceh,ID,2022-04-15 18:20:04,5.5577,95.3222,27.21,79,60,0.98,broken clouds
438,Sona,IT,2022-04-15 18:20:04,45.4388,10.8255,20.51,32,0,2.06,clear sky
439,Show Low,US,2022-04-15 18:20:05,34.2542,-110.0298,17.82,12,0,7.72,clear sky
440,Champerico,GT,2022-04-15 18:20:06,14.3,-91.9167,35.3,61,69,5.71,broken clouds
441,Karacakoy,TR,2022-04-15 18:20:06,41.4029,28.3834,12.91,67,0,2.36,clear sky
442,Yarkovo,RU,2022-04-15 18:20:07,57.4028,67.0786,13.97,62,100,4.43,overcast clouds
443,Butembo,CD,2022-04-15 18:20:07,0.15,29.2833,13.97,99,98,0.89,overcast clouds
444,Campoverde,PE,2022-04-15 18:20:08,-8.4753,-74.8058,22.83,81,100,1.02,light rain
445,Ewa Beach,US,2022-04-15 18:18:45,21.3156,-158.0072,25.24,63,40,4.12,scattered clouds
446,Krasnoselkup,RU,2022-04-15 18:20:08,65.7,82.4667,-1.77,92,100,3.53,overcast clouds
447,Quelimane,MZ,2022-04-15 18:20:09,-17.8786,36.8883,27.97,89,20,4.63,few clouds
448,Kedrovyy,RU,2022-04-15 18:20:09,56.1667,91.8167,4.23,87,70,1.91,broken clouds
449,Nioro,GM,2022-04-15 18:20:10,13.35,-15.75,37.93,12,9,3.93,clear sky
450,Wilmington,US,2022-04-15 18:15:29,34.2257,-77.9447,23.81,37,0,6.69,clear sky
451,Tarko-Sale,RU,2022-04-15 18:20:11,64.9225,77.785,-0.61,96,100,1.08,light snow
452,Raudeberg,NO,2022-04-15 18:20:11,61.9875,5.1352,8.26,73,100,6.92,overcast clouds
453,Koutiala,ML,2022-04-15 18:20:12,12.3917,-5.4642,38.54,20,59,3.3,broken clouds
454,Terney,RU,2022-04-15 18:20:12,45.0503,136.6092,1.67,75,16,1.66,few clouds
455,Nalbari,IN,2022-04-15 18:20:12,26.4456,91.4354,24.99,69,64,1.95,broken clouds
456,Cururupu,BR,2022-04-15 18:18:38,-1.8283,-44.8683,27.6,81,84,2.33,heavy intensity rain
457,Adrar,MR,2022-04-15 18:20:13,20.5022,-10.0711,33.49,8,0,1.49,clear sky
458,Kabompo,ZM,2022-04-15 18:20:13,-13.5927,24.2008,19.23,94,100,2.23,light rain
459,Nayoro,JP,2022-04-15 18:20:14,44.3506,142.4578,-0.37,86,8,1.46,clear sky
460,Waldoboro,US,2022-04-15 18:20:15,44.0954,-69.3756,18.5,31,46,4.59,scattered clouds
461,Margate,GB,2022-04-15 18:21:15,51.3813,1.3862,15.06,83,71,0.89,broken clouds
462,Barcelona,ES,2022-04-15 18:20:00,41.3888,2.159,22.94,55,0,3.09,clear sky
463,Canto Do Buriti,BR,2022-04-15 18:21:16,-8.11,-42.9444,31.26,50,69,1.5,broken clouds
464,Tobol,KZ,2022-04-15 18:21:16,52.6844,62.5794,11.19,59,26,4.87,scattered clouds
465,Amapa,BR,2022-04-15 18:21:17,1.0,-52.0,26.95,90,100,1.16,overcast clouds
466,Monrovia,LR,2022-04-15 18:18:16,6.3005,-10.7969,27.87,78,100,3.73,overcast clouds
467,Deputatskiy,RU,2022-04-15 18:21:18,69.3,139.9,-17.57,86,100,0.95,overcast clouds
468,Zhangye,CN,2022-04-15 18:21:02,38.9342,100.4517,13.05,41,87,1.47,overcast clouds
469,Montorio Al Vomano,IT,2022-04-15 18:21:19,42.5831,13.6383,18.02,86,63,0.28,broken clouds
470,Baykit,RU,2022-04-15 18:21:19,61.67,96.37,0.89,99,100,0.52,overcast clouds
471,Gornyye Klyuchi,RU,2022-04-15 18:21:20,45.25,133.5,3.51,59,6,2.51,clear sky
472,Venice,US,2022-04-15 18:21:20,27.0998,-82.4543,32.25,61,0,6.17,haze
473,Ratnagiri,IN,2022-04-15 18:21:21,16.9833,73.3,27.8,78,42,1.75,scattered clouds
474,Preobrazheniye,RU,2022-04-15 18:21:21,42.9019,133.9064,3.8,68,16,2.67,few clouds
475,Siderno,IT,2022-04-15 18:21:21,38.2779,16.302,17.96,64,100,0.83,overcast clouds
476,Kajaani,FI,2022-04-15 18:21:22,64.2273,27.7285,3.03,48,0,1.54,clear sky
477,Beyneu,KZ,2022-04-15 18:16:51,45.3167,55.2,15.78,31,72,4.41,broken clouds
478,Marfino,RU,2022-04-15 18:21:22,55.7028,37.3822,8.95,81,100,1.0,light rain
479,Kabanjahe,ID,2022-04-15 18:21:23,3.1001,98.4908,18.59,97,100,1.29,overcast clouds
480,Athens,GR,2022-04-15 18:21:23,37.9795,23.7162,18.43,46,0,3.13,clear sky
481,Rio Gallegos,AR,2022-04-15 18:21:24,-51.6226,-69.2181,12.03,76,75,10.29,broken clouds
482,Tibagi,BR,2022-04-15 18:21:24,-24.5094,-50.4136,21.71,37,0,2.29,clear sky
483,Xianyang,CN,2022-04-15 18:21:25,34.3378,108.7026,6.58,93,100,3.0,overcast clouds
484,Nizhneangarsk,RU,2022-04-15 18:21:25,55.7833,109.55,-3.45,88,100,1.98,overcast clouds
485,Oksfjord,NO,2022-04-15 18:21:26,70.2396,22.3479,3.04,87,90,3.17,overcast clouds
486,Faya,SA,2022-04-15 18:16:32,18.3851,42.4509,21.06,39,18,1.84,few clouds
487,Codrington,AU,2022-04-15 18:21:26,-38.2667,141.9667,15.95,93,100,1.34,overcast clouds
488,Turiacu,BR,2022-04-15 18:21:26,-1.6633,-45.3717,26.12,91,94,2.27,light rain
489,Carlsbad,US,2022-04-15 18:19:31,33.1581,-117.3506,23.1,59,0,3.09,clear sky
490,Fortuna,US,2022-04-15 18:18:42,40.5982,-124.1573,11.07,75,0,1.34,clear sky
491,Najran,SA,2022-04-15 18:16:50,17.4924,44.1277,29.36,15,20,1.3,few clouds
492,Seryshevo,RU,2022-04-15 18:21:27,51.0933,128.3786,2.0,84,79,5.78,broken clouds
493,Veraval,IN,2022-04-15 18:19:22,20.9,70.3667,26.7,74,0,3.89,clear sky
494,Visnes,NO,2022-04-15 18:21:28,59.3556,5.2242,8.03,71,45,1.54,scattered clouds
495,Tucurui,BR,2022-04-15 18:21:28,-3.7661,-49.6725,29.99,68,65,1.73,broken clouds
496,Yishui,CN,2022-04-15 18:21:29,35.7847,118.6281,7.6,27,100,1.52,overcast clouds
497,Usinsk,RU,2022-04-15 18:21:29,65.9939,57.5281,-4.63,90,100,5.24,overcast clouds
498,Jalgaon,IN,2022-04-15 18:21:30,21.0167,75.5667,32.34,17,0,5.05,clear sky
499,Haigerloch,DE,2022-04-15 18:21:30,48.3661,8.8036,15.53,63,100,2.61,overcast clouds
500,Neka,IR,2022-04-15 18:21:30,36.6508,53.299,12.73,82,100,2.06,overcast clouds
501,Sur,OM,2022-04-15 18:21:31,22.5667,59.5289,32.16,37,20,4.5,few clouds
502,Apache Junction,US,2022-04-15 18:20:29,33.4151,-111.5496,28.13,9,0,2.57,clear sky
503,Ilo,PE,2022-04-15 18:21:31,-17.6394,-71.3375,21.48,73,0,5.14,clear sky
504,Mon,IN,2022-04-15 18:21:32,26.75,95.1,18.88,82,51,1.36,broken clouds
505,Sault Sainte Marie,CA,2022-04-15 18:19:33,46.5168,-84.3333,2.31,85,100,5.66,overcast clouds
506,Xifeng,CN,2022-04-15 18:22:32,42.7372,124.7222,6.77,31,0,3.97,clear sky
507,Catuday,PH,2022-04-15 18:22:33,16.2923,119.8062,26.62,68,83,3.86,broken clouds
508,Russell,US,2022-04-15 18:22:33,32.3502,-85.1999,27.17,31,0,1.54,clear sky
509,Lira,UG,2022-04-15 18:22:33,2.235,32.9097,17.41,96,99,2.57,light rain
510,Ginda,IN,2022-04-15 18:22:34,30.6945,78.4932,10.99,67,94,3.64,overcast clouds
511,Grand-Santi,GF,2022-04-15 18:22:34,4.25,-54.3833,27.49,79,100,1.76,overcast clouds
512,Zeya,RU,2022-04-15 18:22:35,53.75,127.2667,-2.77,86,99,2.04,overcast clouds
513,Buala,SB,2022-04-15 18:22:35,-8.145,159.5921,24.98,88,100,0.87,light rain
514,Gimli,CA,2022-04-15 18:22:35,50.6336,-96.9907,-7.99,62,100,8.23,overcast clouds
515,Mao,ES,2022-04-15 18:22:36,39.8885,4.2658,14.31,82,20,4.63,few clouds
516,Novyy Urengoy,RU,2022-04-15 18:22:36,66.0833,76.6333,-4.4,93,100,3.44,overcast clouds
517,Pamanukan,ID,2022-04-15 18:22:36,-6.2842,107.8106,25.0,91,55,2.14,broken clouds
518,Kyabe,TD,2022-04-15 18:22:37,9.4515,18.9449,34.15,26,88,2.55,overcast clouds
519,Shugurovo,RU,2022-04-15 18:22:37,54.5083,52.1326,2.25,97,100,6.41,overcast clouds
520,Christchurch,NZ,2022-04-15 18:21:58,-43.5333,172.6333,10.53,90,18,2.06,few clouds
521,Tongzi,CN,2022-04-15 18:22:38,28.7829,105.0877,10.74,94,100,4.39,overcast clouds
522,Antalaha,MG,2022-04-15 18:22:38,-14.9003,50.2788,25.34,85,89,3.73,light rain
523,Salym,RU,2022-04-15 18:22:39,60.0625,71.4789,7.75,88,100,3.91,overcast clouds
524,Katsuura,JP,2022-04-15 18:22:39,35.1333,140.3,10.35,89,100,11.6,overcast clouds
525,Mayo,US,2022-04-15 18:22:40,38.8876,-76.5119,23.15,27,0,6.17,clear sky
526,Birjand,IR,2022-04-15 18:20:13,32.8663,59.2211,25.26,12,75,9.26,broken clouds
527,Ruse,BG,2022-04-15 18:22:40,43.8564,25.9708,15.85,50,18,1.17,few clouds
528,Indian Head,US,2022-04-15 18:22:40,38.6001,-77.1622,23.36,21,0,4.12,clear sky
529,Minggang,CN,2022-04-15 18:22:41,32.4586,114.0486,10.26,50,100,3.71,overcast clouds
530,Taltal,CL,2022-04-15 18:22:41,-25.4,-70.4833,18.25,68,2,2.88,clear sky
531,Great Yarmouth,GB,2022-04-15 18:22:42,52.6083,1.7305,12.26,88,80,4.84,broken clouds
532,Tyukalinsk,RU,2022-04-15 18:21:17,55.8732,72.1967,13.4,39,70,5.88,broken clouds
533,Vila,PT,2022-04-15 18:22:42,42.0304,-8.1588,17.06,55,53,1.71,broken clouds
534,Dunmore Town,BS,2022-04-15 18:22:42,25.5,-76.65,24.2,78,100,3.35,overcast clouds
535,Stepnyak,KZ,2022-04-15 18:22:43,52.8339,70.7803,14.2,35,75,4.42,broken clouds
536,Malaya Purga,RU,2022-04-15 18:22:43,56.5567,53.0043,4.17,96,100,3.34,overcast clouds
537,Port Shepstone,ZA,2022-04-15 18:22:44,-30.7414,30.455,18.36,78,98,9.61,light rain
538,Palma Del Rio,ES,2022-04-15 18:22:44,37.7002,-5.2812,26.18,48,9,1.48,clear sky
539,Jhajjar,IN,2022-04-15 18:22:44,28.6063,76.6565,29.06,12,9,2.48,clear sky
540,Kosh-Agach,RU,2022-04-15 18:22:45,50.0,88.6667,-2.17,38,2,0.86,clear sky
541,La Orilla,MX,2022-04-15 18:22:45,17.9833,-102.2333,29.6,43,95,3.82,overcast clouds
542,Bathsheba,BB,2022-04-15 18:22:46,13.2167,-59.5167,29.34,65,40,9.26,scattered clouds
543,Ronne,DK,2022-04-15 18:22:46,55.1009,14.7066,4.95,70,42,7.72,scattered clouds
544,Saint-Augustin,CA,2022-04-15 18:22:47,51.226,-58.6502,0.59,98,90,2.62,overcast clouds
545,Filingue,NE,2022-04-15 18:22:47,14.3521,3.3168,37.5,9,97,3.49,overcast clouds
546,Le Moule,GP,2022-04-15 18:22:47,16.3332,-61.3473,30.02,100,9,5.36,clear sky
547,Viedma,AR,2022-04-15 18:20:27,-40.8135,-62.9967,23.24,29,0,9.22,clear sky
548,Jarocin,PL,2022-04-15 18:22:48,51.9727,17.5026,7.47,91,100,6.16,light rain
549,Leh,IN,2022-04-15 18:22:48,34.1667,77.5833,3.52,44,83,2.81,broken clouds
550,Kassala,SD,2022-04-15 18:22:49,15.451,36.4,36.44,19,80,3.52,broken clouds
551,Jambi,ID,2022-04-15 18:22:49,-1.6,103.6167,23.92,98,100,1.03,overcast clouds
552,Sobolevo,RU,2022-04-15 18:22:49,54.4299,31.8996,7.2,97,100,3.89,light rain
553,Excelsior Springs,US,2022-04-15 18:23:50,39.3392,-94.2261,19.35,38,0,4.63,clear sky
554,Komatipoort,ZA,2022-04-15 18:23:50,-25.4332,31.9548,26.13,77,39,4.99,scattered clouds
555,Kalmunai,LK,2022-04-15 18:23:51,7.4167,81.8167,26.84,87,7,5.14,clear sky
556,Galbshtadt,RU,2022-04-15 18:23:51,53.2264,78.9845,11.04,43,2,3.69,clear sky
557,Bystryy Istok,RU,2022-04-15 18:23:51,52.371,84.3873,9.72,43,3,1.01,clear sky
558,Port-Cartier,CA,2022-04-15 18:23:52,50.0334,-66.8654,2.08,100,100,1.86,overcast clouds
559,Sao Paulo De Olivenca,BR,2022-04-15 18:23:52,-3.3783,-68.8725,28.28,83,89,0.22,overcast clouds
560,Huarmey,PE,2022-04-15 18:23:53,-10.0681,-78.1522,22.88,70,13,6.03,few clouds
561,Sumbe,AO,2022-04-15 18:23:53,-11.2061,13.8437,25.69,87,95,2.44,overcast clouds
562,Glendive,US,2022-04-15 18:23:53,47.1053,-104.7125,-4.17,77,20,6.69,few clouds
563,Labuhan,ID,2022-04-15 18:23:54,-6.8844,112.2051,26.35,82,86,1.89,overcast clouds
564,Pochutla,MX,2022-04-15 18:23:54,15.7432,-96.4661,33.23,41,33,4.39,scattered clouds
565,Alamosa,US,2022-04-15 18:23:54,37.4695,-105.87,13.99,15,0,4.12,clear sky
566,Plymouth,US,2022-04-15 18:19:07,41.8334,-70.8328,20.12,24,0,8.75,clear sky
567,Acajutla,SV,2022-04-15 18:23:55,13.5928,-89.8275,30.77,58,79,4.16,broken clouds
568,Pangkalanbuun,ID,2022-04-15 18:23:55,-2.6833,111.6167,24.17,98,100,0.31,overcast clouds
569,Alice Springs,AU,2022-04-15 18:23:56,-23.7,133.8833,20.75,32,10,2.06,clear sky
570,Yurkivka,UA,2022-04-15 18:23:56,49.0126,31.1013,13.19,54,82,3.55,broken clouds
571,Pontianak,ID,2022-04-15 18:23:57,-0.0333,109.3333,24.99,100,100,1.03,overcast clouds
572,Ixtapa,MX,2022-04-15 18:23:57,20.7,-105.2,25.57,65,75,3.09,broken clouds
573,Dingzhou,CN,2022-04-15 18:23:57,38.5131,114.9956,5.06,32,83,3.19,broken clouds
574,Mancio Lima,BR,2022-04-15 18:23:58,-7.6142,-72.8958,26.04,94,100,4.12,overcast clouds
575,Dedza,MW,2022-04-15 18:23:58,-14.3779,34.3332,15.65,94,22,0.93,few clouds
576,Saint-Francois,FR,2022-04-15 18:23:58,46.4154,3.9054,18.69,52,0,3.6,clear sky
577,Mahanoro,MG,2022-04-15 18:23:59,-19.9,48.8,23.85,91,6,1.08,moderate rain
578,Noyabrsk,RU,2022-04-15 18:23:59,63.1994,75.4507,2.7,100,100,4.29,light rain
579,Aksay,RU,2022-04-15 18:24:00,47.26,39.87,13.47,75,65,3.58,broken clouds
580,Netrakona,BD,2022-04-15 18:24:01,24.8833,90.7167,26.4,86,13,4.47,few clouds
581,Puerto Escondido,MX,2022-04-15 18:24:01,15.85,-97.0667,30.46,70,0,4.63,clear sky
582,Duvan,RU,2022-04-15 18:24:01,55.695,57.9024,5.38,94,81,5.95,light rain
583,Jasdan,IN,2022-04-15 18:24:02,22.0333,71.2,29.35,40,0,6.06,clear sky
584,Synya,RU,2022-04-15 18:24:02,65.3718,58.0387,-4.37,91,100,3.61,overcast clouds
585,San Quintin,MX,2022-04-15 18:24:03,30.4833,-115.95,17.72,61,85,7.43,overcast clouds
586,Visconde Do Rio Branco,BR,2022-04-15 18:24:03,-21.0103,-42.8406,24.9,10,80,3.9,broken clouds
587,Nanyang,CN,2022-04-15 18:24:03,32.9947,112.5328,9.94,58,99,2.15,overcast clouds
588,Luang Prabang,LA,2022-04-15 18:24:04,19.8856,102.1347,25.61,53,61,0.81,broken clouds
589,Tefe,BR,2022-04-15 18:24:04,-3.3542,-64.7114,30.06,74,75,2.06,broken clouds
590,Turmalina,BR,2022-04-15 18:24:05,-17.2856,-42.73,29.79,49,9,1.68,light rain
591,Okhotsk,RU,2022-04-15 18:24:05,59.3833,143.3,-13.13,93,56,2.67,broken clouds
592,Sioux Lookout,CA,2022-04-15 18:24:05,50.1001,-91.917,-7.96,67,100,6.69,overcast clouds
593,Kamiiso,JP,2022-04-15 18:24:06,41.8167,140.65,2.34,90,94,1.04,overcast clouds
594,Olafsvik,IS,2022-04-15 18:24:06,64.8945,-23.7142,7.77,87,100,12.26,light rain
595,Kharp,RU,2022-04-15 18:24:06,66.8014,65.8081,-8.09,91,87,3.23,overcast clouds
596,Dan Khun Thot,TH,2022-04-15 18:24:07,15.2085,101.7714,29.98,33,6,2.07,light rain
597,Olutanga,PH,2022-04-15 18:24:07,7.3106,122.8464,27.27,77,84,2.59,broken clouds
598,Siguiri,GN,2022-04-15 18:24:08,11.6667,-9.5,39.5,13,23,2.16,few clouds
599,Sinjar,IQ,2022-04-15 18:25:08,36.3209,41.8754,16.33,30,89,4.0,overcast clouds
600,Taywarah,AF,2022-04-15 18:25:08,33.35,64.4167,11.81,21,1,2.56,clear sky
601,Bilma,NE,2022-04-15 18:25:09,18.6853,12.9164,35.55,7,76,4.54,broken clouds
602,Lindas,NO,2022-04-15 18:25:09,60.7381,5.16,9.87,86,96,1.59,overcast clouds
603,Edd,ER,2022-04-15 18:25:10,13.9297,41.6925,31.04,45,7,2.7,clear sky
604,Tambura,SS,2022-04-15 18:25:10,5.6,27.4667,21.27,89,100,1.38,overcast clouds
605,Yeppoon,AU,2022-04-15 18:25:11,-23.1333,150.7333,18.88,79,0,5.49,clear sky
606,Oxford,GB,2022-04-15 18:25:11,51.7522,-1.256,19.09,52,0,4.12,clear sky
607,Epe,NG,2022-04-15 18:25:11,6.5841,3.9834,28.03,76,61,3.1,broken clouds
608,Port Moresby,PG,2022-04-15 18:25:12,-9.4431,147.1797,25.04,88,93,1.46,overcast clouds
609,La Cruz,MX,2022-04-15 18:25:12,23.9167,-106.9,28.19,38,56,3.37,broken clouds
610,Bereda,ES,2022-04-15 18:25:12,43.2686,-7.5406,19.12,81,0,2.28,clear sky
611,Aykhal,RU,2022-04-15 18:25:13,66.0,111.5,-21.03,100,100,1.62,overcast clouds
612,Barra,BR,2022-04-15 18:25:13,-11.0894,-43.1417,31.37,48,33,0.76,scattered clouds
613,Bitung,ID,2022-04-15 18:25:14,1.4451,125.1824,25.47,87,92,2.72,overcast clouds
614,Gamba,GA,2022-04-15 18:25:14,-2.65,10.0,25.78,86,99,1.56,light rain
615,Belaya Glina,RU,2022-04-15 18:25:15,46.07,40.86,8.89,93,54,3.62,broken clouds
616,Talcahuano,CL,2022-04-15 18:25:15,-36.7167,-73.1167,12.72,78,82,2.1,broken clouds
617,Atagay,RU,2022-04-15 18:25:15,55.1033,99.3875,1.35,87,90,1.45,overcast clouds
618,Taoudenni,ML,2022-04-15 18:25:16,22.6783,-3.9836,31.39,10,0,6.01,clear sky
619,Bud,US,2022-04-15 18:25:16,39.447,-86.1758,21.01,24,55,7.73,broken clouds
620,Nekhayevskiy,RU,2022-04-15 18:25:17,50.4106,41.7561,9.27,65,33,2.02,scattered clouds
621,Yenagoa,NG,2022-04-15 18:25:17,4.9247,6.2642,27.51,76,69,2.96,light rain
622,Singapore,SG,2022-04-15 18:20:44,1.2897,103.8501,27.97,80,75,1.54,broken clouds
623,Boca Do Acre,BR,2022-04-15 18:25:18,-8.7522,-67.3978,26.81,76,100,1.23,overcast clouds
624,Alugan,PH,2022-04-15 18:25:18,12.2188,125.4808,25.89,80,24,1.97,few clouds
625,Coquimbo,CL,2022-04-15 18:25:19,-29.9533,-71.3436,16.38,69,38,3.79,scattered clouds
626,Dudinka,RU,2022-04-15 18:25:19,69.4058,86.1778,-5.23,91,86,5.22,overcast clouds
627,Beatrice,US,2022-04-15 18:24:21,40.2681,-96.747,10.1,31,0,6.69,clear sky
628,Pevek,RU,2022-04-15 18:25:20,69.7008,170.3133,-14.79,93,35,0.84,scattered clouds
629,Warwick,US,2022-04-15 18:25:21,41.7001,-71.4162,20.08,23,40,5.14,scattered clouds
630,Mecca,SA,2022-04-15 18:21:49,21.4267,39.8261,29.13,33,3,2.58,clear sky
631,Dosso,NE,2022-04-15 18:25:21,13.049,3.1937,29.06,51,87,8.82,overcast clouds
632,Mudgee,AU,2022-04-15 18:25:22,-32.5943,149.5871,9.32,93,82,0.0,broken clouds
633,Maxixe,MZ,2022-04-15 18:25:22,-23.8597,35.3472,25.96,86,76,4.79,broken clouds
634,Villaviciosa,ES,2022-04-15 18:25:22,43.4813,-5.4357,15.34,88,0,2.09,clear sky
635,Barrhead,GB,2022-04-15 18:25:23,55.7992,-4.3929,13.9,76,100,4.12,overcast clouds
636,Akyab,MM,2022-04-15 18:25:23,20.15,92.9,27.93,83,15,2.23,few clouds
637,Honningsvag,NO,2022-04-15 18:25:24,70.9821,25.9704,2.86,87,100,10.8,light rain
638,Pouebo,NC,2022-04-15 18:25:24,-20.4,164.5667,22.2,85,72,1.89,broken clouds
639,Tromso,NO,2022-04-15 18:25:24,69.6496,18.957,3.01,70,20,2.57,few clouds
640,Gladstone,AU,2022-04-15 18:25:25,-23.85,151.25,19.96,68,0,3.6,clear sky
641,Ilebo,CD,2022-04-15 18:25:25,-4.3167,20.5833,22.18,97,99,0.66,overcast clouds
642,Prince Rupert,CA,2022-04-15 18:25:23,54.3161,-130.3201,7.05,33,0,2.57,clear sky
643,Xucheng,CN,2022-04-15 18:25:26,20.35,110.1288,22.86,92,24,7.56,few clouds
644,Nalut,LY,2022-04-15 18:25:26,30.3333,10.85,21.67,21,1,3.25,clear sky
645,Menongue,AO,2022-04-15 18:25:26,-14.6585,17.691,18.3,88,84,1.68,light rain
646,Okotoks,CA,2022-04-15 18:21:55,50.7289,-113.9828,-3.18,75,100,1.4,overcast clouds
647,Twentynine Palms,US,2022-04-15 18:26:27,34.1356,-116.0542,22.76,26,1,0.89,clear sky
648,Pueblo,US,2022-04-15 18:21:28,38.2545,-104.6091,21.97,13,0,12.35,clear sky
649,Ferme-Neuve,CA,2022-04-15 18:26:27,46.7001,-75.4493,8.43,58,89,6.74,overcast clouds
650,Karaman,TR,2022-04-15 18:26:28,37.0833,33.25,9.43,51,3,4.4,clear sky
651,Zorritos,PE,2022-04-15 18:26:28,-3.6805,-80.6782,28.16,72,52,6.06,broken clouds
652,Luanshya,ZM,2022-04-15 18:26:29,-13.1367,28.4166,19.5,93,84,2.08,broken clouds
653,Creel,MX,2022-04-15 18:26:29,27.75,-107.6333,20.97,10,92,6.2,overcast clouds
654,Ulaangom,MN,2022-04-15 18:26:29,49.9811,92.0667,1.41,40,1,0.5,clear sky
655,Grand Baie,MU,2022-04-15 18:26:30,-20.0182,57.5802,24.26,87,11,2.68,light rain
656,Belyy Yar,RU,2022-04-15 18:26:30,53.6039,91.3903,0.94,44,77,1.0,broken clouds
657,Rodino,RU,2022-04-15 18:26:31,52.5,80.25,10.94,40,1,4.54,clear sky
658,Mirnyy,RU,2022-04-15 18:26:31,62.5353,113.9611,-16.99,98,25,1.86,scattered clouds
659,Nhulunbuy,AU,2022-04-15 18:26:31,-12.2333,136.7667,26.34,89,40,3.6,scattered clouds
660,Palembang,ID,2022-04-15 18:26:32,-2.9167,104.7458,25.05,100,40,1.03,mist
661,Tocopilla,CL,2022-04-15 18:26:32,-22.092,-70.1979,19.72,63,8,3.74,clear sky
662,Umba,RU,2022-04-15 18:26:33,66.6871,34.3429,-3.41,89,43,2.7,scattered clouds
663,Osorno,CL,2022-04-15 18:23:55,-40.5667,-73.15,17.82,56,66,1.63,broken clouds
664,Mildura,AU,2022-04-15 18:26:33,-34.2,142.15,15.98,63,6,0.0,clear sky
665,Taraz,KZ,2022-04-15 18:26:34,42.9,71.3667,15.23,63,7,3.0,clear sky
666,Paamiut,GL,2022-04-15 18:26:34,61.994,-49.6678,-4.0,69,25,6.86,scattered clouds
667,Touros,BR,2022-04-15 18:26:34,-5.1989,-35.4608,30.12,64,58,4.94,broken clouds
668,Zhangjiakou,CN,2022-04-15 18:26:35,40.81,114.8794,5.89,19,0,2.38,clear sky
669,Kizilskoye,RU,2022-04-15 18:26:35,52.7255,58.8937,9.28,61,7,6.69,clear sky
670,Abnub,EG,2022-04-15 18:26:36,27.2696,31.1511,26.4,12,2,5.1,clear sky
671,Porto Santo,PT,2022-04-15 18:26:36,33.072,-16.3415,18.21,72,20,6.17,few clouds
672,Sinnamary,GF,2022-04-15 18:26:37,5.3833,-52.95,27.95,71,87,4.96,overcast clouds
673,Jardim,BR,2022-04-15 18:26:37,-21.4803,-56.1381,27.71,33,0,1.43,clear sky
674,Yerbogachen,RU,2022-04-15 18:26:38,61.2767,108.0108,-10.15,95,100,0.27,overcast clouds
675,Khani,GE,2022-04-15 18:26:38,41.9563,42.9566,4.76,93,84,1.41,broken clouds
676,Umea,SE,2022-04-15 18:26:38,63.8284,20.2597,0.96,80,0,1.03,clear sky
677,La Seyne-Sur-Mer,FR,2022-04-15 18:26:39,43.0982,5.8847,22.16,40,40,2.24,scattered clouds
678,Acevedo,CO,2022-04-15 18:26:39,1.8361,-75.855,22.84,83,89,1.71,overcast clouds
679,Villa Carlos Paz,AR,2022-04-15 18:26:40,-31.4241,-64.4978,21.88,24,6,4.47,clear sky
680,Dustlik,UZ,2022-04-15 18:26:40,40.5247,68.0358,22.05,34,17,1.74,few clouds
681,Abonnema,NG,2022-04-15 18:26:41,4.7084,6.7931,27.96,75,88,4.43,moderate rain
682,Namwala,ZM,2022-04-15 18:26:41,-15.7504,26.4384,24.02,64,100,1.28,overcast clouds
683,Nacala,MZ,2022-04-15 18:26:41,-14.5428,40.6728,25.14,86,10,2.46,clear sky
684,Kalianget,ID,2022-04-15 18:26:42,-7.05,113.9333,27.36,80,77,0.77,broken clouds
685,Ibra,OM,2022-04-15 18:26:42,22.6906,58.5334,29.7,24,89,4.27,overcast clouds
686,Sulangan,PH,2022-04-15 18:26:43,11.1373,123.7228,27.8,73,36,2.79,scattered clouds
687,Modasa,IN,2022-04-15 18:26:43,23.4667,73.3,29.63,29,0,3.84,clear sky
688,Omsukchan,RU,2022-04-15 18:26:43,62.5333,155.8,-18.69,100,98,1.68,overcast clouds
689,Peniche,PT,2022-04-15 18:26:44,39.3558,-9.3811,18.39,79,56,6.15,broken clouds
690,Naryan-Mar,RU,2022-04-15 18:26:44,67.6713,53.087,-7.9,98,64,2.53,broken clouds
691,Karratha,AU,2022-04-15 18:27:45,-20.7377,116.8463,28.79,72,42,1.47,scattered clouds
692,Vilhena,BR,2022-04-15 18:25:58,-12.7406,-60.1458,27.12,69,75,3.09,broken clouds
693,Harer,ET,2022-04-15 18:27:45,9.3094,42.1258,17.88,80,96,2.24,moderate rain
694,Hobyo,SO,2022-04-15 18:27:45,5.3505,48.5268,28.57,69,81,5.78,broken clouds
695,Kloulklubed,PW,2022-04-15 18:27:46,7.0419,134.2556,25.28,78,100,2.81,overcast clouds
696,Giyon,ET,2022-04-15 18:27:46,8.5333,37.9833,17.52,73,100,1.39,light rain
697,Cabedelo,BR,2022-04-15 18:26:29,-6.9811,-34.8339,29.37,67,26,3.86,scattered clouds
698,Pavilosta,LV,2022-04-15 18:27:47,56.8879,21.1859,3.95,79,28,7.8,scattered clouds
699,Togur,RU,2022-04-15 18:27:47,58.3631,82.8265,2.54,100,100,2.0,overcast clouds
700,Ouallam,NE,2022-04-15 18:27:47,14.3188,2.0866,38.21,13,44,4.8,scattered clouds
701,Sarankhola,BD,2022-04-15 18:27:48,22.3082,89.7897,26.9,88,37,4.88,scattered clouds
702,Wenceslau Braz,BR,2022-04-15 18:27:48,-23.8739,-49.8028,21.24,43,2,0.19,clear sky
703,Praia,CV,2022-04-15 18:27:49,14.9215,-23.5087,24.3,60,20,8.23,few clouds
704,Manturovo,RU,2022-04-15 18:27:49,58.3353,44.7619,-2.65,93,68,1.62,broken clouds
705,Sehithwa,BW,2022-04-15 18:27:50,-20.4667,22.7167,25.38,40,53,2.95,broken clouds
706,Maine-Soroa,NE,2022-04-15 18:27:50,13.2114,12.0241,34.33,20,96,0.94,overcast clouds
707,Awbari,LY,2022-04-15 18:27:50,26.5921,12.7805,27.51,15,0,5.49,clear sky
708,Xai-Xai,MZ,2022-04-15 18:27:51,-25.0519,33.6442,22.85,94,72,1.98,heavy intensity rain
709,Miandrivazo,MG,2022-04-15 18:27:51,-19.5167,45.4667,28.33,61,8,1.04,clear sky
710,Cameta,BR,2022-04-15 18:27:52,-2.2444,-49.4958,28.04,79,91,3.26,light rain
711,Oktyabrskoye,RU,2022-04-15 18:27:52,43.0645,44.7417,10.08,71,98,3.0,overcast clouds
712,Nanortalik,GL,2022-04-15 18:27:52,60.1432,-45.2371,-2.81,67,99,3.63,overcast clouds
713,San Carlos Del Zulia,VE,2022-04-15 18:27:53,9.0,-71.9135,34.6,45,98,2.23,overcast clouds
714,Chapada Dos Guimaraes,BR,2022-04-15 18:27:53,-15.4606,-55.7497,22.81,73,95,1.77,overcast clouds
715,Maroantsetra,MG,2022-04-15 18:27:54,-15.4333,49.7333,25.25,88,42,2.69,light rain
716,Tamiahua,MX,2022-04-15 18:27:54,21.2667,-97.45,31.13,60,80,4.48,broken clouds
717,Barranca,PE,2022-04-15 18:27:54,-10.75,-77.7667,21.61,70,47,5.86,scattered clouds
